,label
cell_0,mES cells
cell_1,mES cells
cell_2,mES cells
cell_3,mES cells
cell_4,mES cells
cell_5,mES cells
cell_6,mES cells
cell_7,mES cells
cell_8,mES cells
cell_9,mES cells
cell_10,mES cells
cell_11,mES cells
cell_12,mES cells
cell_13,mES cells
cell_14,mES cells
cell_15,mES cells
cell_16,mES cells
cell_17,mES cells
cell_18,mES cells
cell_19,mES cells
cell_20,mES cells
cell_21,mES cells
cell_22,mES cells
cell_23,mES cells
cell_24,mES cells
cell_25,mES cells
cell_26,mES cells
cell_27,mES cells
cell_28,mES cells
cell_29,mES cells
cell_30,mES cells
cell_31,mES cells
cell_32,mES cells
cell_33,mES cells
cell_34,mES cells
cell_35,mES cells
cell_36,mES cells
cell_37,mES cells
cell_38,mES cells
cell_39,mES cells
cell_40,mES cells
cell_41,mES cells
cell_42,mES cells
cell_43,mES cells
cell_44,mES cells
cell_45,mES cells
cell_46,mES cells
cell_47,mES cells
cell_48,mES cells
cell_49,mES cells
cell_50,mES cells
cell_51,mES cells
cell_52,mES cells
cell_53,mES cells
cell_54,mES cells
cell_55,mES cells
cell_56,mES cells
cell_57,mES cells
cell_58,mES cells
cell_59,mES cells
cell_60,mES cells
cell_61,mES cells
cell_62,mES cells
cell_63,mES cells
cell_64,mES cells
cell_65,mES cells
cell_66,mES cells
cell_67,mES cells
cell_68,mES cells
cell_69,mES cells
cell_70,mES cells
cell_71,mES cells
cell_72,mES cells
cell_73,mES cells
cell_74,mES cells
cell_75,mES cells
cell_76,mES cells
cell_77,mES cells
cell_78,mES cells
cell_79,mES cells
cell_80,mES cells
cell_81,mES cells
cell_82,mES cells
cell_83,mES cells
cell_84,mES cells
cell_85,mES cells
cell_86,mES cells
cell_87,mES cells
cell_88,mES cells
cell_89,mES cells
cell_90,mES cells
cell_91,mES cells
cell_92,mES cells
cell_93,mES cells
cell_94,mES cells
cell_95,mES cells
cell_96,mES cells
cell_97,mES cells
cell_98,mES cells
cell_99,mES cells
cell_100,mES cells
cell_101,mES cells
cell_102,mES cells
cell_103,mES cells
cell_104,mES cells
cell_105,mES cells
cell_106,mES cells
cell_107,mES cells
cell_108,mES cells
cell_109,mES cells
cell_110,mES cells
cell_111,mES cells
cell_112,mES cells
cell_113,mES cells
cell_114,mES cells
cell_115,mES cells
cell_116,mES cells
cell_117,mES cells
cell_118,mES cells
cell_119,mES cells
cell_120,mES cells
cell_121,mES cells
cell_122,mES cells
cell_123,mES cells
cell_124,mES cells
cell_125,mES cells
cell_126,mES cells
cell_127,mES cells
cell_128,mES cells
cell_129,mES cells
cell_130,mES cells
cell_131,mES cells
cell_132,mES cells
cell_133,mES cells
cell_134,mES cells
cell_135,mES cells
cell_136,mES cells
cell_137,mES cells
cell_138,mES cells
cell_139,mES cells
cell_140,mES cells
cell_141,mES cells
cell_142,mES cells
cell_143,mES cells
cell_144,mES cells
cell_145,mES cells
cell_146,mES cells
cell_147,mES cells
cell_148,mES cells
cell_149,mES cells
cell_150,mES cells
cell_151,mES cells
cell_152,mES cells
cell_153,mES cells
cell_154,mES cells
cell_155,mES cells
cell_156,mES cells
cell_157,mES cells
cell_158,mES cells
cell_159,mES cells
cell_160,mES cells
cell_161,mES cells
cell_162,mES cells
cell_163,mES cells
cell_164,mES cells
cell_165,mES cells
cell_166,mES cells
cell_167,mES cells
cell_168,mES cells
cell_169,mES cells
cell_170,mES cells
cell_171,mES cells
cell_172,mES cells
cell_173,mES cells
cell_174,mES cells
cell_175,mES cells
cell_176,mES cells
cell_177,mES cells
cell_178,mES cells
cell_179,mES cells
cell_180,mES cells
cell_181,mES cells
cell_182,mES cells
cell_183,mES cells
cell_184,mES cells
cell_185,mES cells
cell_186,mES cells
cell_187,mES cells
cell_188,mES cells
cell_189,mES cells
cell_190,mES cells
cell_191,mES cells
cell_192,mES cells
cell_193,mES cells
cell_194,mES cells
cell_195,mES cells
cell_196,mES cells
cell_197,mES cells
cell_198,mES cells
cell_199,mES cells
cell_200,mES cells
cell_201,mES cells
cell_202,mES cells
cell_203,mES cells
cell_204,mES cells
cell_205,mES cells
cell_206,mES cells
cell_207,mES cells
cell_208,mES cells
cell_209,mES cells
cell_210,mES cells
cell_211,mES cells
cell_212,mES cells
cell_213,mES cells
cell_214,mES cells
cell_215,mES cells
cell_216,mES cells
cell_217,mES cells
cell_218,mES cells
cell_219,mES cells
cell_220,mES cells
cell_221,mES cells
cell_222,mES cells
cell_223,mES cells
cell_224,mES cells
cell_225,mES cells
cell_226,mES cells
cell_227,mES cells
cell_228,mES cells
cell_229,mES cells
cell_230,mES cells
cell_231,mES cells
cell_232,mES cells
cell_233,mES cells
cell_234,mES cells
cell_235,mES cells
cell_236,mES cells
cell_237,mES cells
cell_238,mES cells
cell_239,mES cells
cell_240,mES cells
cell_241,mES cells
cell_242,mES cells
cell_243,mES cells
cell_244,mES cells
cell_245,mES cells
cell_246,mES cells
cell_247,mES cells
cell_248,mES cells
cell_249,mES cells
cell_250,mES cells
cell_251,mES cells
cell_252,mES cells
cell_253,mES cells
cell_254,mES cells
cell_255,mES cells
cell_256,mES cells
cell_257,mES cells
cell_258,mES cells
cell_259,mES cells
cell_260,mES cells
cell_261,mES cells
cell_262,mES cells
cell_263,mES cells
cell_264,mES cells
cell_265,mES cells
cell_266,mES cells
cell_267,mES cells
cell_268,mES cells
cell_269,mES cells
cell_270,mES cells
cell_271,mES cells
cell_272,mES cells
cell_273,mES cells
cell_274,mES cells
cell_275,mES cells
cell_276,mES cells
cell_277,mES cells
cell_278,mES cells
cell_279,mES cells
cell_280,mES cells
cell_281,mES cells
cell_282,mES cells
cell_283,mES cells
cell_284,mES cells
cell_285,mES cells
cell_286,mES cells
cell_287,mES cells
cell_288,mES cells
cell_289,mES cells
cell_290,mES cells
cell_291,mES cells
cell_292,mES cells
cell_293,mES cells
cell_294,mES cells
cell_295,mES cells
cell_296,mES cells
cell_297,mES cells
cell_298,mES cells
cell_299,mES cells
cell_300,mES cells
cell_301,mES cells
cell_302,mES cells
cell_303,mES cells
cell_304,mES cells
cell_305,mES cells
cell_306,mES cells
cell_307,mES cells
cell_308,mES cells
cell_309,mES cells
cell_310,mES cells
cell_311,mES cells
cell_312,mES cells
cell_313,mES cells
cell_314,mES cells
cell_315,mES cells
cell_316,mES cells
cell_317,mES cells
cell_318,mES cells
cell_319,mES cells
cell_320,mES cells
cell_321,mES cells
cell_322,mES cells
cell_323,mES cells
cell_324,mES cells
cell_325,mES cells
cell_326,mES cells
cell_327,mES cells
cell_328,mES cells
cell_329,mES cells
cell_330,mES cells
cell_331,mES cells
cell_332,mES cells
cell_333,mES cells
cell_334,mES cells
cell_335,mES cells
cell_336,mES cells
cell_337,mES cells
cell_338,mES cells
cell_339,mES cells
cell_340,mES cells
cell_341,mES cells
cell_342,mES cells
cell_343,mES cells
cell_344,mES cells
cell_345,mES cells
cell_346,mES cells
cell_347,mES cells
cell_348,mES cells
cell_349,mES cells
cell_350,mES cells
cell_351,mES cells
cell_352,mES cells
cell_353,mES cells
cell_354,mES cells
cell_355,mES cells
cell_356,mES cells
cell_357,mES cells
cell_358,mES cells
cell_359,mES cells
cell_360,mES cells
cell_361,mES cells
cell_362,mES cells
cell_363,mES cells
cell_364,mES cells
cell_365,mES cells
cell_366,mES cells
cell_367,mES cells
cell_368,mES cells
cell_369,mES cells
cell_370,mES cells
cell_371,mES cells
cell_372,mES cells
cell_373,mES cells
cell_374,mES cells
cell_375,mES cells
cell_376,mES cells
cell_377,mES cells
cell_378,mES cells
cell_379,mES cells
cell_380,mES cells
cell_381,mES cells
cell_382,mES cells
cell_383,mES cells
cell_384,mES cells
cell_385,mES cells
cell_386,mES cells
cell_387,mES cells
cell_388,mES cells
cell_389,mES cells
cell_390,mES cells
cell_391,mES cells
cell_392,mES cells
cell_393,mES cells
cell_394,mES cells
cell_395,mES cells
cell_396,mES cells
cell_397,mES cells
cell_398,mES cells
cell_399,mES cells
cell_400,mES cells
cell_401,mES cells
cell_402,mES cells
cell_403,mES cells
cell_404,mES cells
cell_405,mES cells
cell_406,mES cells
cell_407,mES cells
cell_408,mES cells
cell_409,mES cells
cell_410,mES cells
cell_411,mES cells
cell_412,mES cells
cell_413,mES cells
cell_414,mES cells
cell_415,mES cells
cell_416,mES cells
cell_417,mES cells
cell_418,mES cells
cell_419,mES cells
cell_420,mES cells
cell_421,mES cells
cell_422,mES cells
cell_423,mES cells
cell_424,mES cells
cell_425,mES cells
cell_426,mES cells
cell_427,mES cells
cell_428,mES cells
cell_429,mES cells
cell_430,mES cells
cell_431,mES cells
cell_432,mES cells
cell_433,mES cells
cell_434,mES cells
cell_435,mES cells
cell_436,mES cells
cell_437,mES cells
cell_438,mES cells
cell_439,mES cells
cell_440,mES cells
cell_441,mES cells
cell_442,mES cells
cell_443,mES cells
cell_444,mES cells
cell_445,mES cells
cell_446,mES cells
cell_447,mES cells
cell_448,mES cells
cell_449,mES cells
cell_450,mES cells
cell_451,mES cells
cell_452,mES cells
cell_453,mES cells
cell_454,mES cells
cell_455,mES cells
cell_456,mES cells
cell_457,mES cells
cell_458,mES cells
cell_459,mES cells
cell_460,mES cells
cell_461,mES cells
cell_462,mES cells
cell_463,mES cells
cell_464,mES cells
cell_465,mES cells
cell_466,mES cells
cell_467,mES cells
cell_468,mES cells
cell_469,mES cells
cell_470,mES cells
cell_471,mES cells
cell_472,mES cells
cell_473,mES cells
cell_474,mES cells
cell_475,mES cells
cell_476,mES cells
cell_477,mES cells
cell_478,mES cells
cell_479,mES cells
cell_480,mES cells
cell_481,mES cells
cell_482,mES cells
cell_483,mES cells
cell_484,mES cells
cell_485,mES cells
cell_486,mES cells
cell_487,mES cells
cell_488,mES cells
cell_489,mES cells
cell_490,mES cells
cell_491,mES cells
cell_492,mES cells
cell_493,mES cells
cell_494,mES cells
cell_495,mES cells
cell_496,mES cells
cell_497,mES cells
cell_498,mES cells
cell_499,mES cells
cell_500,mES cells
cell_501,mES cells
cell_502,mES cells
cell_503,mES cells
cell_504,mES cells
cell_505,mES cells
cell_506,mES cells
cell_507,mES cells
cell_508,mES cells
cell_509,mES cells
cell_510,mES cells
cell_511,mES cells
cell_512,mES cells
cell_513,mES cells
cell_514,mES cells
cell_515,mES cells
cell_516,mES cells
cell_517,mES cells
cell_518,mES cells
cell_519,mES cells
cell_520,mES cells
cell_521,mES cells
cell_522,mES cells
cell_523,mES cells
cell_524,mES cells
cell_525,mES cells
cell_526,mES cells
cell_527,mES cells
cell_528,mES cells
cell_529,mES cells
cell_530,mES cells
cell_531,mES cells
cell_532,mES cells
cell_533,mES cells
cell_534,mES cells
cell_535,mES cells
cell_536,mES cells
cell_537,mES cells
cell_538,mES cells
cell_539,mES cells
cell_540,mES cells
cell_541,mES cells
cell_542,mES cells
cell_543,mES cells
cell_544,mES cells
cell_545,mES cells
cell_546,mES cells
cell_547,mES cells
cell_548,mES cells
cell_549,mES cells
cell_550,mES cells
cell_551,mES cells
cell_552,mES cells
cell_553,mES cells
cell_554,mES cells
cell_555,mES cells
cell_556,mES cells
cell_557,mES cells
cell_558,mES cells
cell_559,mES cells
cell_560,mES cells
cell_561,mES cells
cell_562,mES cells
cell_563,mES cells
cell_564,mES cells
cell_565,mES cells
cell_566,mES cells
cell_567,mES cells
cell_568,mES cells
cell_569,mES cells
cell_570,mES cells
cell_571,mES cells
cell_572,mES cells
cell_573,mES cells
cell_574,mES cells
cell_575,mES cells
cell_576,mES cells
cell_577,mES cells
cell_578,mES cells
cell_579,mES cells
cell_580,mES cells
cell_581,mES cells
cell_582,mES cells
cell_583,mES cells
cell_584,mES cells
cell_585,mES cells
cell_586,mES cells
cell_587,mES cells
cell_588,mES cells
cell_589,mES cells
cell_590,mES cells
cell_591,mES cells
cell_592,mES cells
cell_593,mES cells
cell_594,mES cells
cell_595,mES cells
cell_596,mES cells
cell_597,mES cells
cell_598,mES cells
cell_599,mES cells
cell_600,mES cells
cell_601,mES cells
cell_602,mES cells
cell_603,mES cells
cell_604,mES cells
cell_605,mES cells
cell_606,mES cells
cell_607,mES cells
cell_608,mES cells
cell_609,mES cells
cell_610,mES cells
cell_611,mES cells
cell_612,mES cells
cell_613,mES cells
cell_614,mES cells
cell_615,mES cells
cell_616,mES cells
cell_617,mES cells
cell_618,mES cells
cell_619,mES cells
cell_620,mES cells
cell_621,mES cells
cell_622,mES cells
cell_623,mES cells
cell_624,mES cells
cell_625,mES cells
cell_626,mES cells
cell_627,mES cells
cell_628,mES cells
cell_629,mES cells
cell_630,mES cells
cell_631,mES cells
cell_632,mES cells
cell_633,mES cells
cell_634,mES cells
cell_635,mES cells
cell_636,mES cells
cell_637,mES cells
cell_638,mES cells
cell_639,mES cells
cell_640,mES cells
cell_641,mES cells
cell_642,mES cells
cell_643,mES cells
cell_644,mES cells
cell_645,mES cells
cell_646,mES cells
cell_647,mES cells
cell_648,mES cells
cell_649,mES cells
cell_650,mES cells
cell_651,mES cells
cell_652,mES cells
cell_653,mES cells
cell_654,mES cells
cell_655,mES cells
cell_656,mES cells
cell_657,mES cells
cell_658,mES cells
cell_659,mES cells
cell_660,mES cells
cell_661,mES cells
cell_662,mES cells
cell_663,mES cells
cell_664,mES cells
cell_665,mES cells
cell_666,mES cells
cell_667,mES cells
cell_668,mES cells
cell_669,mES cells
cell_670,mES cells
cell_671,mES cells
cell_672,mES cells
cell_673,mES cells
cell_674,mES cells
cell_675,mES cells
cell_676,mES cells
cell_677,mES cells
cell_678,mES cells
cell_679,mES cells
cell_680,mES cells
cell_681,mES cells
cell_682,mES cells
cell_683,mES cells
cell_684,mES cells
cell_685,mES cells
cell_686,mES cells
cell_687,mES cells
cell_688,mES cells
cell_689,mES cells
cell_690,mES cells
cell_691,mES cells
cell_692,mES cells
cell_693,mES cells
cell_694,mES cells
cell_695,mES cells
cell_696,mES cells
cell_697,mES cells
cell_698,mES cells
cell_699,mES cells
cell_700,mES cells
cell_701,mES cells
cell_702,mES cells
cell_703,mES cells
cell_704,mES cells
cell_705,mES cells
cell_706,mES cells
cell_707,mES cells
cell_708,mES cells
cell_709,mES cells
cell_710,mES cells
cell_711,mES cells
cell_712,mES cells
cell_713,mES cells
cell_714,mES cells
cell_715,mES cells
cell_716,mES cells
cell_717,mES cells
cell_718,mES cells
cell_719,mES cells
cell_720,mES cells
cell_721,mES cells
cell_722,mES cells
cell_723,mES cells
cell_724,mES cells
cell_725,mES cells
cell_726,mES cells
cell_727,mES cells
cell_728,mES cells
cell_729,mES cells
cell_730,mES cells
cell_731,mES cells
cell_732,mES cells
cell_733,mES cells
cell_734,mES cells
cell_735,mES cells
cell_736,mES cells
cell_737,mES cells
cell_738,mES cells
cell_739,mES cells
cell_740,mES cells
cell_741,mES cells
cell_742,mES cells
cell_743,mES cells
cell_744,mES cells
cell_745,mES cells
cell_746,mES cells
cell_747,mES cells
cell_748,mES cells
cell_749,mES cells
cell_750,mES cells
cell_751,mES cells
cell_752,mES cells
cell_753,mES cells
cell_754,mES cells
cell_755,mES cells
cell_756,mES cells
cell_757,mES cells
cell_758,mES cells
cell_759,mES cells
cell_760,mES cells
cell_761,mES cells
cell_762,mES cells
cell_763,mES cells
cell_764,mES cells
cell_765,mES cells
cell_766,mES cells
cell_767,mES cells
cell_768,mES cells
cell_769,mES cells
cell_770,mES cells
cell_771,mES cells
cell_772,mES cells
cell_773,mES cells
cell_774,mES cells
cell_775,mES cells
cell_776,mES cells
cell_777,mES cells
cell_778,mES cells
cell_779,mES cells
cell_780,mES cells
cell_781,mES cells
cell_782,mES cells
cell_783,mES cells
cell_784,mES cells
cell_785,mES cells
cell_786,mES cells
cell_787,mES cells
cell_788,mES cells
cell_789,mES cells
cell_790,mES cells
cell_791,mES cells
cell_792,mES cells
cell_793,mES cells
cell_794,mES cells
cell_795,mES cells
cell_796,mES cells
cell_797,mES cells
cell_798,mES cells
cell_799,mES cells
cell_800,mES cells
cell_801,mES cells
cell_802,mES cells
cell_803,mES cells
cell_804,mES cells
cell_805,mES cells
cell_806,mES cells
cell_807,mES cells
cell_808,mES cells
cell_809,mES cells
cell_810,mES cells
cell_811,mES cells
cell_812,mES cells
cell_813,mES cells
cell_814,mES cells
cell_815,mES cells
cell_816,mES cells
cell_817,mES cells
cell_818,mES cells
cell_819,mES cells
cell_820,mES cells
cell_821,mES cells
cell_822,mES cells
cell_823,mES cells
cell_824,mES cells
cell_825,mES cells
cell_826,mES cells
cell_827,mES cells
cell_828,mES cells
cell_829,mES cells
cell_830,mES cells
cell_831,mES cells
cell_832,mES cells
cell_833,mES cells
cell_834,mES cells
cell_835,mES cells
cell_836,mES cells
cell_837,mES cells
cell_838,mES cells
cell_839,mES cells
cell_840,mES cells
cell_841,mES cells
cell_842,mES cells
cell_843,mES cells
cell_844,mES cells
cell_845,mES cells
cell_846,mES cells
cell_847,mES cells
cell_848,mES cells
cell_849,mES cells
cell_850,mES cells
cell_851,mES cells
cell_852,mES cells
cell_853,mES cells
cell_854,mES cells
cell_855,mES cells
cell_856,mES cells
cell_857,mES cells
cell_858,mES cells
cell_859,mES cells
cell_860,mES cells
cell_861,mES cells
cell_862,mES cells
cell_863,mES cells
cell_864,mES cells
cell_865,mES cells
cell_866,mES cells
cell_867,mES cells
cell_868,mES cells
cell_869,mES cells
cell_870,mES cells
cell_871,mES cells
cell_872,mES cells
cell_873,mES cells
cell_874,mES cells
cell_875,mES cells
cell_876,mES cells
cell_877,mES cells
cell_878,mES cells
cell_879,mES cells
cell_880,mES cells
cell_881,mES cells
cell_882,mES cells
cell_883,mES cells
cell_884,mES cells
cell_885,mES cells
cell_886,mES cells
cell_887,mES cells
cell_888,mES cells
cell_889,mES cells
cell_890,mES cells
cell_891,mES cells
cell_892,mES cells
cell_893,mES cells
cell_894,mES cells
cell_895,mES cells
cell_896,mES cells
cell_897,mES cells
cell_898,mES cells
cell_899,mES cells
cell_900,mES cells
cell_901,mES cells
cell_902,mES cells
cell_903,mES cells
cell_904,mES cells
cell_905,mES cells
cell_906,mES cells
cell_907,mES cells
cell_908,mES cells
cell_909,mES cells
cell_910,mES cells
cell_911,mES cells
cell_912,mES cells
cell_913,mES cells
cell_914,mES cells
cell_915,mES cells
cell_916,mES cells
cell_917,mES cells
cell_918,mES cells
cell_919,mES cells
cell_920,mES cells
cell_921,mES cells
cell_922,mES cells
cell_923,mES cells
cell_924,mES cells
cell_925,mES cells
cell_926,mES cells
cell_927,mES cells
cell_928,mES cells
cell_929,mES cells
cell_930,mES cells
cell_931,mES cells
cell_932,mES cells
cell_933,day 2
cell_934,day 2
cell_935,day 2
cell_936,day 2
cell_937,day 2
cell_938,day 2
cell_939,day 2
cell_940,day 2
cell_941,day 2
cell_942,day 2
cell_943,day 2
cell_944,day 2
cell_945,day 2
cell_946,day 2
cell_947,day 2
cell_948,day 2
cell_949,day 2
cell_950,day 2
cell_951,day 2
cell_952,day 2
cell_953,day 2
cell_954,day 2
cell_955,day 2
cell_956,day 2
cell_957,day 2
cell_958,day 2
cell_959,day 2
cell_960,day 2
cell_961,day 2
cell_962,day 2
cell_963,day 2
cell_964,day 2
cell_965,day 2
cell_966,day 2
cell_967,day 2
cell_968,day 2
cell_969,day 2
cell_970,day 2
cell_971,day 2
cell_972,day 2
cell_973,day 2
cell_974,day 2
cell_975,day 2
cell_976,day 2
cell_977,day 2
cell_978,day 2
cell_979,day 2
cell_980,day 2
cell_981,day 2
cell_982,day 2
cell_983,day 2
cell_984,day 2
cell_985,day 2
cell_986,day 2
cell_987,day 2
cell_988,day 2
cell_989,day 2
cell_990,day 2
cell_991,day 2
cell_992,day 2
cell_993,day 2
cell_994,day 2
cell_995,day 2
cell_996,day 2
cell_997,day 2
cell_998,day 2
cell_999,day 2
cell_1000,day 2
cell_1001,day 2
cell_1002,day 2
cell_1003,day 2
cell_1004,day 2
cell_1005,day 2
cell_1006,day 2
cell_1007,day 2
cell_1008,day 2
cell_1009,day 2
cell_1010,day 2
cell_1011,day 2
cell_1012,day 2
cell_1013,day 2
cell_1014,day 2
cell_1015,day 2
cell_1016,day 2
cell_1017,day 2
cell_1018,day 2
cell_1019,day 2
cell_1020,day 2
cell_1021,day 2
cell_1022,day 2
cell_1023,day 2
cell_1024,day 2
cell_1025,day 2
cell_1026,day 2
cell_1027,day 2
cell_1028,day 2
cell_1029,day 2
cell_1030,day 2
cell_1031,day 2
cell_1032,day 2
cell_1033,day 2
cell_1034,day 2
cell_1035,day 2
cell_1036,day 2
cell_1037,day 2
cell_1038,day 2
cell_1039,day 2
cell_1040,day 2
cell_1041,day 2
cell_1042,day 2
cell_1043,day 2
cell_1044,day 2
cell_1045,day 2
cell_1046,day 2
cell_1047,day 2
cell_1048,day 2
cell_1049,day 2
cell_1050,day 2
cell_1051,day 2
cell_1052,day 2
cell_1053,day 2
cell_1054,day 2
cell_1055,day 2
cell_1056,day 2
cell_1057,day 2
cell_1058,day 2
cell_1059,day 2
cell_1060,day 2
cell_1061,day 2
cell_1062,day 2
cell_1063,day 2
cell_1064,day 2
cell_1065,day 2
cell_1066,day 2
cell_1067,day 2
cell_1068,day 2
cell_1069,day 2
cell_1070,day 2
cell_1071,day 2
cell_1072,day 2
cell_1073,day 2
cell_1074,day 2
cell_1075,day 2
cell_1076,day 2
cell_1077,day 2
cell_1078,day 2
cell_1079,day 2
cell_1080,day 2
cell_1081,day 2
cell_1082,day 2
cell_1083,day 2
cell_1084,day 2
cell_1085,day 2
cell_1086,day 2
cell_1087,day 2
cell_1088,day 2
cell_1089,day 2
cell_1090,day 2
cell_1091,day 2
cell_1092,day 2
cell_1093,day 2
cell_1094,day 2
cell_1095,day 2
cell_1096,day 2
cell_1097,day 2
cell_1098,day 2
cell_1099,day 2
cell_1100,day 2
cell_1101,day 2
cell_1102,day 2
cell_1103,day 2
cell_1104,day 2
cell_1105,day 2
cell_1106,day 2
cell_1107,day 2
cell_1108,day 2
cell_1109,day 2
cell_1110,day 2
cell_1111,day 2
cell_1112,day 2
cell_1113,day 2
cell_1114,day 2
cell_1115,day 2
cell_1116,day 2
cell_1117,day 2
cell_1118,day 2
cell_1119,day 2
cell_1120,day 2
cell_1121,day 2
cell_1122,day 2
cell_1123,day 2
cell_1124,day 2
cell_1125,day 2
cell_1126,day 2
cell_1127,day 2
cell_1128,day 2
cell_1129,day 2
cell_1130,day 2
cell_1131,day 2
cell_1132,day 2
cell_1133,day 2
cell_1134,day 2
cell_1135,day 2
cell_1136,day 2
cell_1137,day 2
cell_1138,day 2
cell_1139,day 2
cell_1140,day 2
cell_1141,day 2
cell_1142,day 2
cell_1143,day 2
cell_1144,day 2
cell_1145,day 2
cell_1146,day 2
cell_1147,day 2
cell_1148,day 2
cell_1149,day 2
cell_1150,day 2
cell_1151,day 2
cell_1152,day 2
cell_1153,day 2
cell_1154,day 2
cell_1155,day 2
cell_1156,day 2
cell_1157,day 2
cell_1158,day 2
cell_1159,day 2
cell_1160,day 2
cell_1161,day 2
cell_1162,day 2
cell_1163,day 2
cell_1164,day 2
cell_1165,day 2
cell_1166,day 2
cell_1167,day 2
cell_1168,day 2
cell_1169,day 2
cell_1170,day 2
cell_1171,day 2
cell_1172,day 2
cell_1173,day 2
cell_1174,day 2
cell_1175,day 2
cell_1176,day 2
cell_1177,day 2
cell_1178,day 2
cell_1179,day 2
cell_1180,day 2
cell_1181,day 2
cell_1182,day 2
cell_1183,day 2
cell_1184,day 2
cell_1185,day 2
cell_1186,day 2
cell_1187,day 2
cell_1188,day 2
cell_1189,day 2
cell_1190,day 2
cell_1191,day 2
cell_1192,day 2
cell_1193,day 2
cell_1194,day 2
cell_1195,day 2
cell_1196,day 2
cell_1197,day 2
cell_1198,day 2
cell_1199,day 2
cell_1200,day 2
cell_1201,day 2
cell_1202,day 2
cell_1203,day 2
cell_1204,day 2
cell_1205,day 2
cell_1206,day 2
cell_1207,day 2
cell_1208,day 2
cell_1209,day 2
cell_1210,day 2
cell_1211,day 2
cell_1212,day 2
cell_1213,day 2
cell_1214,day 2
cell_1215,day 2
cell_1216,day 2
cell_1217,day 2
cell_1218,day 2
cell_1219,day 2
cell_1220,day 2
cell_1221,day 2
cell_1222,day 2
cell_1223,day 2
cell_1224,day 2
cell_1225,day 2
cell_1226,day 2
cell_1227,day 2
cell_1228,day 2
cell_1229,day 2
cell_1230,day 2
cell_1231,day 2
cell_1232,day 2
cell_1233,day 2
cell_1234,day 2
cell_1235,day 2
cell_1236,day 4
cell_1237,day 4
cell_1238,day 4
cell_1239,day 4
cell_1240,day 4
cell_1241,day 4
cell_1242,day 4
cell_1243,day 4
cell_1244,day 4
cell_1245,day 4
cell_1246,day 4
cell_1247,day 4
cell_1248,day 4
cell_1249,day 4
cell_1250,day 4
cell_1251,day 4
cell_1252,day 4
cell_1253,day 4
cell_1254,day 4
cell_1255,day 4
cell_1256,day 4
cell_1257,day 4
cell_1258,day 4
cell_1259,day 4
cell_1260,day 4
cell_1261,day 4
cell_1262,day 4
cell_1263,day 4
cell_1264,day 4
cell_1265,day 4
cell_1266,day 4
cell_1267,day 4
cell_1268,day 4
cell_1269,day 4
cell_1270,day 4
cell_1271,day 4
cell_1272,day 4
cell_1273,day 4
cell_1274,day 4
cell_1275,day 4
cell_1276,day 4
cell_1277,day 4
cell_1278,day 4
cell_1279,day 4
cell_1280,day 4
cell_1281,day 4
cell_1282,day 4
cell_1283,day 4
cell_1284,day 4
cell_1285,day 4
cell_1286,day 4
cell_1287,day 4
cell_1288,day 4
cell_1289,day 4
cell_1290,day 4
cell_1291,day 4
cell_1292,day 4
cell_1293,day 4
cell_1294,day 4
cell_1295,day 4
cell_1296,day 4
cell_1297,day 4
cell_1298,day 4
cell_1299,day 4
cell_1300,day 4
cell_1301,day 4
cell_1302,day 4
cell_1303,day 4
cell_1304,day 4
cell_1305,day 4
cell_1306,day 4
cell_1307,day 4
cell_1308,day 4
cell_1309,day 4
cell_1310,day 4
cell_1311,day 4
cell_1312,day 4
cell_1313,day 4
cell_1314,day 4
cell_1315,day 4
cell_1316,day 4
cell_1317,day 4
cell_1318,day 4
cell_1319,day 4
cell_1320,day 4
cell_1321,day 4
cell_1322,day 4
cell_1323,day 4
cell_1324,day 4
cell_1325,day 4
cell_1326,day 4
cell_1327,day 4
cell_1328,day 4
cell_1329,day 4
cell_1330,day 4
cell_1331,day 4
cell_1332,day 4
cell_1333,day 4
cell_1334,day 4
cell_1335,day 4
cell_1336,day 4
cell_1337,day 4
cell_1338,day 4
cell_1339,day 4
cell_1340,day 4
cell_1341,day 4
cell_1342,day 4
cell_1343,day 4
cell_1344,day 4
cell_1345,day 4
cell_1346,day 4
cell_1347,day 4
cell_1348,day 4
cell_1349,day 4
cell_1350,day 4
cell_1351,day 4
cell_1352,day 4
cell_1353,day 4
cell_1354,day 4
cell_1355,day 4
cell_1356,day 4
cell_1357,day 4
cell_1358,day 4
cell_1359,day 4
cell_1360,day 4
cell_1361,day 4
cell_1362,day 4
cell_1363,day 4
cell_1364,day 4
cell_1365,day 4
cell_1366,day 4
cell_1367,day 4
cell_1368,day 4
cell_1369,day 4
cell_1370,day 4
cell_1371,day 4
cell_1372,day 4
cell_1373,day 4
cell_1374,day 4
cell_1375,day 4
cell_1376,day 4
cell_1377,day 4
cell_1378,day 4
cell_1379,day 4
cell_1380,day 4
cell_1381,day 4
cell_1382,day 4
cell_1383,day 4
cell_1384,day 4
cell_1385,day 4
cell_1386,day 4
cell_1387,day 4
cell_1388,day 4
cell_1389,day 4
cell_1390,day 4
cell_1391,day 4
cell_1392,day 4
cell_1393,day 4
cell_1394,day 4
cell_1395,day 4
cell_1396,day 4
cell_1397,day 4
cell_1398,day 4
cell_1399,day 4
cell_1400,day 4
cell_1401,day 4
cell_1402,day 4
cell_1403,day 4
cell_1404,day 4
cell_1405,day 4
cell_1406,day 4
cell_1407,day 4
cell_1408,day 4
cell_1409,day 4
cell_1410,day 4
cell_1411,day 4
cell_1412,day 4
cell_1413,day 4
cell_1414,day 4
cell_1415,day 4
cell_1416,day 4
cell_1417,day 4
cell_1418,day 4
cell_1419,day 4
cell_1420,day 4
cell_1421,day 4
cell_1422,day 4
cell_1423,day 4
cell_1424,day 4
cell_1425,day 4
cell_1426,day 4
cell_1427,day 4
cell_1428,day 4
cell_1429,day 4
cell_1430,day 4
cell_1431,day 4
cell_1432,day 4
cell_1433,day 4
cell_1434,day 4
cell_1435,day 4
cell_1436,day 4
cell_1437,day 4
cell_1438,day 4
cell_1439,day 4
cell_1440,day 4
cell_1441,day 4
cell_1442,day 4
cell_1443,day 4
cell_1444,day 4
cell_1445,day 4
cell_1446,day 4
cell_1447,day 4
cell_1448,day 4
cell_1449,day 4
cell_1450,day 4
cell_1451,day 4
cell_1452,day 4
cell_1453,day 4
cell_1454,day 4
cell_1455,day 4
cell_1456,day 4
cell_1457,day 4
cell_1458,day 4
cell_1459,day 4
cell_1460,day 4
cell_1461,day 4
cell_1462,day 4
cell_1463,day 4
cell_1464,day 4
cell_1465,day 4
cell_1466,day 4
cell_1467,day 4
cell_1468,day 4
cell_1469,day 4
cell_1470,day 4
cell_1471,day 4
cell_1472,day 4
cell_1473,day 4
cell_1474,day 4
cell_1475,day 4
cell_1476,day 4
cell_1477,day 4
cell_1478,day 4
cell_1479,day 4
cell_1480,day 4
cell_1481,day 4
cell_1482,day 4
cell_1483,day 4
cell_1484,day 4
cell_1485,day 4
cell_1486,day 4
cell_1487,day 4
cell_1488,day 4
cell_1489,day 4
cell_1490,day 4
cell_1491,day 4
cell_1492,day 4
cell_1493,day 4
cell_1494,day 4
cell_1495,day 4
cell_1496,day 4
cell_1497,day 4
cell_1498,day 4
cell_1499,day 4
cell_1500,day 4
cell_1501,day 4
cell_1502,day 4
cell_1503,day 4
cell_1504,day 4
cell_1505,day 4
cell_1506,day 4
cell_1507,day 4
cell_1508,day 4
cell_1509,day 4
cell_1510,day 4
cell_1511,day 4
cell_1512,day 4
cell_1513,day 4
cell_1514,day 4
cell_1515,day 4
cell_1516,day 4
cell_1517,day 4
cell_1518,day 4
cell_1519,day 4
cell_1520,day 4
cell_1521,day 4
cell_1522,day 4
cell_1523,day 4
cell_1524,day 4
cell_1525,day 4
cell_1526,day 4
cell_1527,day 4
cell_1528,day 4
cell_1529,day 4
cell_1530,day 4
cell_1531,day 4
cell_1532,day 4
cell_1533,day 4
cell_1534,day 4
cell_1535,day 4
cell_1536,day 4
cell_1537,day 4
cell_1538,day 4
cell_1539,day 4
cell_1540,day 4
cell_1541,day 4
cell_1542,day 4
cell_1543,day 4
cell_1544,day 4
cell_1545,day 4
cell_1546,day 4
cell_1547,day 4
cell_1548,day 4
cell_1549,day 4
cell_1550,day 4
cell_1551,day 4
cell_1552,day 4
cell_1553,day 4
cell_1554,day 4
cell_1555,day 4
cell_1556,day 4
cell_1557,day 4
cell_1558,day 4
cell_1559,day 4
cell_1560,day 4
cell_1561,day 4
cell_1562,day 4
cell_1563,day 4
cell_1564,day 4
cell_1565,day 4
cell_1566,day 4
cell_1567,day 4
cell_1568,day 4
cell_1569,day 4
cell_1570,day 4
cell_1571,day 4
cell_1572,day 4
cell_1573,day 4
cell_1574,day 4
cell_1575,day 4
cell_1576,day 4
cell_1577,day 4
cell_1578,day 4
cell_1579,day 4
cell_1580,day 4
cell_1581,day 4
cell_1582,day 4
cell_1583,day 4
cell_1584,day 4
cell_1585,day 4
cell_1586,day 4
cell_1587,day 4
cell_1588,day 4
cell_1589,day 4
cell_1590,day 4
cell_1591,day 4
cell_1592,day 4
cell_1593,day 4
cell_1594,day 4
cell_1595,day 4
cell_1596,day 4
cell_1597,day 4
cell_1598,day 4
cell_1599,day 4
cell_1600,day 4
cell_1601,day 4
cell_1602,day 4
cell_1603,day 4
cell_1604,day 4
cell_1605,day 4
cell_1606,day 4
cell_1607,day 4
cell_1608,day 4
cell_1609,day 4
cell_1610,day 4
cell_1611,day 4
cell_1612,day 4
cell_1613,day 4
cell_1614,day 4
cell_1615,day 4
cell_1616,day 4
cell_1617,day 4
cell_1618,day 4
cell_1619,day 4
cell_1620,day 4
cell_1621,day 4
cell_1622,day 4
cell_1623,day 4
cell_1624,day 4
cell_1625,day 4
cell_1626,day 4
cell_1627,day 4
cell_1628,day 4
cell_1629,day 4
cell_1630,day 4
cell_1631,day 4
cell_1632,day 4
cell_1633,day 4
cell_1634,day 4
cell_1635,day 4
cell_1636,day 4
cell_1637,day 4
cell_1638,day 4
cell_1639,day 4
cell_1640,day 4
cell_1641,day 4
cell_1642,day 4
cell_1643,day 4
cell_1644,day 4
cell_1645,day 4
cell_1646,day 4
cell_1647,day 4
cell_1648,day 4
cell_1649,day 4
cell_1650,day 4
cell_1651,day 4
cell_1652,day 4
cell_1653,day 4
cell_1654,day 4
cell_1655,day 4
cell_1656,day 4
cell_1657,day 4
cell_1658,day 4
cell_1659,day 4
cell_1660,day 4
cell_1661,day 4
cell_1662,day 4
cell_1663,day 4
cell_1664,day 4
cell_1665,day 4
cell_1666,day 4
cell_1667,day 4
cell_1668,day 4
cell_1669,day 4
cell_1670,day 4
cell_1671,day 4
cell_1672,day 4
cell_1673,day 4
cell_1674,day 4
cell_1675,day 4
cell_1676,day 4
cell_1677,day 4
cell_1678,day 4
cell_1679,day 4
cell_1680,day 4
cell_1681,day 4
cell_1682,day 4
cell_1683,day 4
cell_1684,day 4
cell_1685,day 4
cell_1686,day 4
cell_1687,day 4
cell_1688,day 4
cell_1689,day 4
cell_1690,day 4
cell_1691,day 4
cell_1692,day 4
cell_1693,day 4
cell_1694,day 4
cell_1695,day 4
cell_1696,day 4
cell_1697,day 4
cell_1698,day 4
cell_1699,day 4
cell_1700,day 4
cell_1701,day 4
cell_1702,day 4
cell_1703,day 4
cell_1704,day 4
cell_1705,day 4
cell_1706,day 4
cell_1707,day 4
cell_1708,day 4
cell_1709,day 4
cell_1710,day 4
cell_1711,day 4
cell_1712,day 4
cell_1713,day 4
cell_1714,day 4
cell_1715,day 4
cell_1716,day 4
cell_1717,day 4
cell_1718,day 4
cell_1719,day 4
cell_1720,day 4
cell_1721,day 4
cell_1722,day 4
cell_1723,day 4
cell_1724,day 4
cell_1725,day 4
cell_1726,day 4
cell_1727,day 4
cell_1728,day 4
cell_1729,day 4
cell_1730,day 4
cell_1731,day 4
cell_1732,day 4
cell_1733,day 4
cell_1734,day 4
cell_1735,day 4
cell_1736,day 4
cell_1737,day 4
cell_1738,day 4
cell_1739,day 4
cell_1740,day 4
cell_1741,day 4
cell_1742,day 4
cell_1743,day 4
cell_1744,day 4
cell_1745,day 4
cell_1746,day 4
cell_1747,day 4
cell_1748,day 4
cell_1749,day 4
cell_1750,day 4
cell_1751,day 4
cell_1752,day 4
cell_1753,day 4
cell_1754,day 4
cell_1755,day 4
cell_1756,day 4
cell_1757,day 4
cell_1758,day 4
cell_1759,day 4
cell_1760,day 4
cell_1761,day 4
cell_1762,day 4
cell_1763,day 4
cell_1764,day 4
cell_1765,day 4
cell_1766,day 4
cell_1767,day 4
cell_1768,day 4
cell_1769,day 4
cell_1770,day 4
cell_1771,day 4
cell_1772,day 4
cell_1773,day 4
cell_1774,day 4
cell_1775,day 4
cell_1776,day 4
cell_1777,day 4
cell_1778,day 4
cell_1779,day 4
cell_1780,day 4
cell_1781,day 4
cell_1782,day 4
cell_1783,day 4
cell_1784,day 4
cell_1785,day 4
cell_1786,day 4
cell_1787,day 4
cell_1788,day 4
cell_1789,day 4
cell_1790,day 4
cell_1791,day 4
cell_1792,day 4
cell_1793,day 4
cell_1794,day 4
cell_1795,day 4
cell_1796,day 4
cell_1797,day 4
cell_1798,day 4
cell_1799,day 4
cell_1800,day 4
cell_1801,day 4
cell_1802,day 4
cell_1803,day 4
cell_1804,day 4
cell_1805,day 4
cell_1806,day 4
cell_1807,day 4
cell_1808,day 4
cell_1809,day 4
cell_1810,day 4
cell_1811,day 4
cell_1812,day 4
cell_1813,day 4
cell_1814,day 4
cell_1815,day 4
cell_1816,day 4
cell_1817,day 4
cell_1818,day 4
cell_1819,day 4
cell_1820,day 4
cell_1821,day 4
cell_1822,day 4
cell_1823,day 4
cell_1824,day 4
cell_1825,day 4
cell_1826,day 4
cell_1827,day 4
cell_1828,day 4
cell_1829,day 4
cell_1830,day 4
cell_1831,day 4
cell_1832,day 4
cell_1833,day 4
cell_1834,day 4
cell_1835,day 4
cell_1836,day 4
cell_1837,day 4
cell_1838,day 4
cell_1839,day 4
cell_1840,day 4
cell_1841,day 4
cell_1842,day 4
cell_1843,day 4
cell_1844,day 4
cell_1845,day 4
cell_1846,day 4
cell_1847,day 4
cell_1848,day 4
cell_1849,day 4
cell_1850,day 4
cell_1851,day 4
cell_1852,day 4
cell_1853,day 4
cell_1854,day 4
cell_1855,day 4
cell_1856,day 4
cell_1857,day 4
cell_1858,day 4
cell_1859,day 4
cell_1860,day 4
cell_1861,day 4
cell_1862,day 4
cell_1863,day 4
cell_1864,day 4
cell_1865,day 4
cell_1866,day 4
cell_1867,day 4
cell_1868,day 4
cell_1869,day 4
cell_1870,day 4
cell_1871,day 4
cell_1872,day 4
cell_1873,day 4
cell_1874,day 4
cell_1875,day 4
cell_1876,day 4
cell_1877,day 4
cell_1878,day 4
cell_1879,day 4
cell_1880,day 4
cell_1881,day 4
cell_1882,day 4
cell_1883,day 4
cell_1884,day 4
cell_1885,day 4
cell_1886,day 4
cell_1887,day 4
cell_1888,day 4
cell_1889,day 4
cell_1890,day 4
cell_1891,day 4
cell_1892,day 4
cell_1893,day 4
cell_1894,day 4
cell_1895,day 4
cell_1896,day 4
cell_1897,day 4
cell_1898,day 4
cell_1899,day 4
cell_1900,day 4
cell_1901,day 4
cell_1902,day 4
cell_1903,day 4
cell_1904,day 4
cell_1905,day 4
cell_1906,day 4
cell_1907,day 4
cell_1908,day 4
cell_1909,day 4
cell_1910,day 4
cell_1911,day 4
cell_1912,day 4
cell_1913,day 4
cell_1914,day 4
cell_1915,day 4
cell_1916,day 4
cell_1917,day 4
cell_1918,day 4
cell_1919,day 7
cell_1920,day 7
cell_1921,day 7
cell_1922,day 7
cell_1923,day 7
cell_1924,day 7
cell_1925,day 7
cell_1926,day 7
cell_1927,day 7
cell_1928,day 7
cell_1929,day 7
cell_1930,day 7
cell_1931,day 7
cell_1932,day 7
cell_1933,day 7
cell_1934,day 7
cell_1935,day 7
cell_1936,day 7
cell_1937,day 7
cell_1938,day 7
cell_1939,day 7
cell_1940,day 7
cell_1941,day 7
cell_1942,day 7
cell_1943,day 7
cell_1944,day 7
cell_1945,day 7
cell_1946,day 7
cell_1947,day 7
cell_1948,day 7
cell_1949,day 7
cell_1950,day 7
cell_1951,day 7
cell_1952,day 7
cell_1953,day 7
cell_1954,day 7
cell_1955,day 7
cell_1956,day 7
cell_1957,day 7
cell_1958,day 7
cell_1959,day 7
cell_1960,day 7
cell_1961,day 7
cell_1962,day 7
cell_1963,day 7
cell_1964,day 7
cell_1965,day 7
cell_1966,day 7
cell_1967,day 7
cell_1968,day 7
cell_1969,day 7
cell_1970,day 7
cell_1971,day 7
cell_1972,day 7
cell_1973,day 7
cell_1974,day 7
cell_1975,day 7
cell_1976,day 7
cell_1977,day 7
cell_1978,day 7
cell_1979,day 7
cell_1980,day 7
cell_1981,day 7
cell_1982,day 7
cell_1983,day 7
cell_1984,day 7
cell_1985,day 7
cell_1986,day 7
cell_1987,day 7
cell_1988,day 7
cell_1989,day 7
cell_1990,day 7
cell_1991,day 7
cell_1992,day 7
cell_1993,day 7
cell_1994,day 7
cell_1995,day 7
cell_1996,day 7
cell_1997,day 7
cell_1998,day 7
cell_1999,day 7
cell_2000,day 7
cell_2001,day 7
cell_2002,day 7
cell_2003,day 7
cell_2004,day 7
cell_2005,day 7
cell_2006,day 7
cell_2007,day 7
cell_2008,day 7
cell_2009,day 7
cell_2010,day 7
cell_2011,day 7
cell_2012,day 7
cell_2013,day 7
cell_2014,day 7
cell_2015,day 7
cell_2016,day 7
cell_2017,day 7
cell_2018,day 7
cell_2019,day 7
cell_2020,day 7
cell_2021,day 7
cell_2022,day 7
cell_2023,day 7
cell_2024,day 7
cell_2025,day 7
cell_2026,day 7
cell_2027,day 7
cell_2028,day 7
cell_2029,day 7
cell_2030,day 7
cell_2031,day 7
cell_2032,day 7
cell_2033,day 7
cell_2034,day 7
cell_2035,day 7
cell_2036,day 7
cell_2037,day 7
cell_2038,day 7
cell_2039,day 7
cell_2040,day 7
cell_2041,day 7
cell_2042,day 7
cell_2043,day 7
cell_2044,day 7
cell_2045,day 7
cell_2046,day 7
cell_2047,day 7
cell_2048,day 7
cell_2049,day 7
cell_2050,day 7
cell_2051,day 7
cell_2052,day 7
cell_2053,day 7
cell_2054,day 7
cell_2055,day 7
cell_2056,day 7
cell_2057,day 7
cell_2058,day 7
cell_2059,day 7
cell_2060,day 7
cell_2061,day 7
cell_2062,day 7
cell_2063,day 7
cell_2064,day 7
cell_2065,day 7
cell_2066,day 7
cell_2067,day 7
cell_2068,day 7
cell_2069,day 7
cell_2070,day 7
cell_2071,day 7
cell_2072,day 7
cell_2073,day 7
cell_2074,day 7
cell_2075,day 7
cell_2076,day 7
cell_2077,day 7
cell_2078,day 7
cell_2079,day 7
cell_2080,day 7
cell_2081,day 7
cell_2082,day 7
cell_2083,day 7
cell_2084,day 7
cell_2085,day 7
cell_2086,day 7
cell_2087,day 7
cell_2088,day 7
cell_2089,day 7
cell_2090,day 7
cell_2091,day 7
cell_2092,day 7
cell_2093,day 7
cell_2094,day 7
cell_2095,day 7
cell_2096,day 7
cell_2097,day 7
cell_2098,day 7
cell_2099,day 7
cell_2100,day 7
cell_2101,day 7
cell_2102,day 7
cell_2103,day 7
cell_2104,day 7
cell_2105,day 7
cell_2106,day 7
cell_2107,day 7
cell_2108,day 7
cell_2109,day 7
cell_2110,day 7
cell_2111,day 7
cell_2112,day 7
cell_2113,day 7
cell_2114,day 7
cell_2115,day 7
cell_2116,day 7
cell_2117,day 7
cell_2118,day 7
cell_2119,day 7
cell_2120,day 7
cell_2121,day 7
cell_2122,day 7
cell_2123,day 7
cell_2124,day 7
cell_2125,day 7
cell_2126,day 7
cell_2127,day 7
cell_2128,day 7
cell_2129,day 7
cell_2130,day 7
cell_2131,day 7
cell_2132,day 7
cell_2133,day 7
cell_2134,day 7
cell_2135,day 7
cell_2136,day 7
cell_2137,day 7
cell_2138,day 7
cell_2139,day 7
cell_2140,day 7
cell_2141,day 7
cell_2142,day 7
cell_2143,day 7
cell_2144,day 7
cell_2145,day 7
cell_2146,day 7
cell_2147,day 7
cell_2148,day 7
cell_2149,day 7
cell_2150,day 7
cell_2151,day 7
cell_2152,day 7
cell_2153,day 7
cell_2154,day 7
cell_2155,day 7
cell_2156,day 7
cell_2157,day 7
cell_2158,day 7
cell_2159,day 7
cell_2160,day 7
cell_2161,day 7
cell_2162,day 7
cell_2163,day 7
cell_2164,day 7
cell_2165,day 7
cell_2166,day 7
cell_2167,day 7
cell_2168,day 7
cell_2169,day 7
cell_2170,day 7
cell_2171,day 7
cell_2172,day 7
cell_2173,day 7
cell_2174,day 7
cell_2175,day 7
cell_2176,day 7
cell_2177,day 7
cell_2178,day 7
cell_2179,day 7
cell_2180,day 7
cell_2181,day 7
cell_2182,day 7
cell_2183,day 7
cell_2184,day 7
cell_2185,day 7
cell_2186,day 7
cell_2187,day 7
cell_2188,day 7
cell_2189,day 7
cell_2190,day 7
cell_2191,day 7
cell_2192,day 7
cell_2193,day 7
cell_2194,day 7
cell_2195,day 7
cell_2196,day 7
cell_2197,day 7
cell_2198,day 7
cell_2199,day 7
cell_2200,day 7
cell_2201,day 7
cell_2202,day 7
cell_2203,day 7
cell_2204,day 7
cell_2205,day 7
cell_2206,day 7
cell_2207,day 7
cell_2208,day 7
cell_2209,day 7
cell_2210,day 7
cell_2211,day 7
cell_2212,day 7
cell_2213,day 7
cell_2214,day 7
cell_2215,day 7
cell_2216,day 7
cell_2217,day 7
cell_2218,day 7
cell_2219,day 7
cell_2220,day 7
cell_2221,day 7
cell_2222,day 7
cell_2223,day 7
cell_2224,day 7
cell_2225,day 7
cell_2226,day 7
cell_2227,day 7
cell_2228,day 7
cell_2229,day 7
cell_2230,day 7
cell_2231,day 7
cell_2232,day 7
cell_2233,day 7
cell_2234,day 7
cell_2235,day 7
cell_2236,day 7
cell_2237,day 7
cell_2238,day 7
cell_2239,day 7
cell_2240,day 7
cell_2241,day 7
cell_2242,day 7
cell_2243,day 7
cell_2244,day 7
cell_2245,day 7
cell_2246,day 7
cell_2247,day 7
cell_2248,day 7
cell_2249,day 7
cell_2250,day 7
cell_2251,day 7
cell_2252,day 7
cell_2253,day 7
cell_2254,day 7
cell_2255,day 7
cell_2256,day 7
cell_2257,day 7
cell_2258,day 7
cell_2259,day 7
cell_2260,day 7
cell_2261,day 7
cell_2262,day 7
cell_2263,day 7
cell_2264,day 7
cell_2265,day 7
cell_2266,day 7
cell_2267,day 7
cell_2268,day 7
cell_2269,day 7
cell_2270,day 7
cell_2271,day 7
cell_2272,day 7
cell_2273,day 7
cell_2274,day 7
cell_2275,day 7
cell_2276,day 7
cell_2277,day 7
cell_2278,day 7
cell_2279,day 7
cell_2280,day 7
cell_2281,day 7
cell_2282,day 7
cell_2283,day 7
cell_2284,day 7
cell_2285,day 7
cell_2286,day 7
cell_2287,day 7
cell_2288,day 7
cell_2289,day 7
cell_2290,day 7
cell_2291,day 7
cell_2292,day 7
cell_2293,day 7
cell_2294,day 7
cell_2295,day 7
cell_2296,day 7
cell_2297,day 7
cell_2298,day 7
cell_2299,day 7
cell_2300,day 7
cell_2301,day 7
cell_2302,day 7
cell_2303,day 7
cell_2304,day 7
cell_2305,day 7
cell_2306,day 7
cell_2307,day 7
cell_2308,day 7
cell_2309,day 7
cell_2310,day 7
cell_2311,day 7
cell_2312,day 7
cell_2313,day 7
cell_2314,day 7
cell_2315,day 7
cell_2316,day 7
cell_2317,day 7
cell_2318,day 7
cell_2319,day 7
cell_2320,day 7
cell_2321,day 7
cell_2322,day 7
cell_2323,day 7
cell_2324,day 7
cell_2325,day 7
cell_2326,day 7
cell_2327,day 7
cell_2328,day 7
cell_2329,day 7
cell_2330,day 7
cell_2331,day 7
cell_2332,day 7
cell_2333,day 7
cell_2334,day 7
cell_2335,day 7
cell_2336,day 7
cell_2337,day 7
cell_2338,day 7
cell_2339,day 7
cell_2340,day 7
cell_2341,day 7
cell_2342,day 7
cell_2343,day 7
cell_2344,day 7
cell_2345,day 7
cell_2346,day 7
cell_2347,day 7
cell_2348,day 7
cell_2349,day 7
cell_2350,day 7
cell_2351,day 7
cell_2352,day 7
cell_2353,day 7
cell_2354,day 7
cell_2355,day 7
cell_2356,day 7
cell_2357,day 7
cell_2358,day 7
cell_2359,day 7
cell_2360,day 7
cell_2361,day 7
cell_2362,day 7
cell_2363,day 7
cell_2364,day 7
cell_2365,day 7
cell_2366,day 7
cell_2367,day 7
cell_2368,day 7
cell_2369,day 7
cell_2370,day 7
cell_2371,day 7
cell_2372,day 7
cell_2373,day 7
cell_2374,day 7
cell_2375,day 7
cell_2376,day 7
cell_2377,day 7
cell_2378,day 7
cell_2379,day 7
cell_2380,day 7
cell_2381,day 7
cell_2382,day 7
cell_2383,day 7
cell_2384,day 7
cell_2385,day 7
cell_2386,day 7
cell_2387,day 7
cell_2388,day 7
cell_2389,day 7
cell_2390,day 7
cell_2391,day 7
cell_2392,day 7
cell_2393,day 7
cell_2394,day 7
cell_2395,day 7
cell_2396,day 7
cell_2397,day 7
cell_2398,day 7
cell_2399,day 7
cell_2400,day 7
cell_2401,day 7
cell_2402,day 7
cell_2403,day 7
cell_2404,day 7
cell_2405,day 7
cell_2406,day 7
cell_2407,day 7
cell_2408,day 7
cell_2409,day 7
cell_2410,day 7
cell_2411,day 7
cell_2412,day 7
cell_2413,day 7
cell_2414,day 7
cell_2415,day 7
cell_2416,day 7
cell_2417,day 7
cell_2418,day 7
cell_2419,day 7
cell_2420,day 7
cell_2421,day 7
cell_2422,day 7
cell_2423,day 7
cell_2424,day 7
cell_2425,day 7
cell_2426,day 7
cell_2427,day 7
cell_2428,day 7
cell_2429,day 7
cell_2430,day 7
cell_2431,day 7
cell_2432,day 7
cell_2433,day 7
cell_2434,day 7
cell_2435,day 7
cell_2436,day 7
cell_2437,day 7
cell_2438,day 7
cell_2439,day 7
cell_2440,day 7
cell_2441,day 7
cell_2442,day 7
cell_2443,day 7
cell_2444,day 7
cell_2445,day 7
cell_2446,day 7
cell_2447,day 7
cell_2448,day 7
cell_2449,day 7
cell_2450,day 7
cell_2451,day 7
cell_2452,day 7
cell_2453,day 7
cell_2454,day 7
cell_2455,day 7
cell_2456,day 7
cell_2457,day 7
cell_2458,day 7
cell_2459,day 7
cell_2460,day 7
cell_2461,day 7
cell_2462,day 7
cell_2463,day 7
cell_2464,day 7
cell_2465,day 7
cell_2466,day 7
cell_2467,day 7
cell_2468,day 7
cell_2469,day 7
cell_2470,day 7
cell_2471,day 7
cell_2472,day 7
cell_2473,day 7
cell_2474,day 7
cell_2475,day 7
cell_2476,day 7
cell_2477,day 7
cell_2478,day 7
cell_2479,day 7
cell_2480,day 7
cell_2481,day 7
cell_2482,day 7
cell_2483,day 7
cell_2484,day 7
cell_2485,day 7
cell_2486,day 7
cell_2487,day 7
cell_2488,day 7
cell_2489,day 7
cell_2490,day 7
cell_2491,day 7
cell_2492,day 7
cell_2493,day 7
cell_2494,day 7
cell_2495,day 7
cell_2496,day 7
cell_2497,day 7
cell_2498,day 7
cell_2499,day 7
cell_2500,day 7
cell_2501,day 7
cell_2502,day 7
cell_2503,day 7
cell_2504,day 7
cell_2505,day 7
cell_2506,day 7
cell_2507,day 7
cell_2508,day 7
cell_2509,day 7
cell_2510,day 7
cell_2511,day 7
cell_2512,day 7
cell_2513,day 7
cell_2514,day 7
cell_2515,day 7
cell_2516,day 7
cell_2517,day 7
cell_2518,day 7
cell_2519,day 7
cell_2520,day 7
cell_2521,day 7
cell_2522,day 7
cell_2523,day 7
cell_2524,day 7
cell_2525,day 7
cell_2526,day 7
cell_2527,day 7
cell_2528,day 7
cell_2529,day 7
cell_2530,day 7
cell_2531,day 7
cell_2532,day 7
cell_2533,day 7
cell_2534,day 7
cell_2535,day 7
cell_2536,day 7
cell_2537,day 7
cell_2538,day 7
cell_2539,day 7
cell_2540,day 7
cell_2541,day 7
cell_2542,day 7
cell_2543,day 7
cell_2544,day 7
cell_2545,day 7
cell_2546,day 7
cell_2547,day 7
cell_2548,day 7
cell_2549,day 7
cell_2550,day 7
cell_2551,day 7
cell_2552,day 7
cell_2553,day 7
cell_2554,day 7
cell_2555,day 7
cell_2556,day 7
cell_2557,day 7
cell_2558,day 7
cell_2559,day 7
cell_2560,day 7
cell_2561,day 7
cell_2562,day 7
cell_2563,day 7
cell_2564,day 7
cell_2565,day 7
cell_2566,day 7
cell_2567,day 7
cell_2568,day 7
cell_2569,day 7
cell_2570,day 7
cell_2571,day 7
cell_2572,day 7
cell_2573,day 7
cell_2574,day 7
cell_2575,day 7
cell_2576,day 7
cell_2577,day 7
cell_2578,day 7
cell_2579,day 7
cell_2580,day 7
cell_2581,day 7
cell_2582,day 7
cell_2583,day 7
cell_2584,day 7
cell_2585,day 7
cell_2586,day 7
cell_2587,day 7
cell_2588,day 7
cell_2589,day 7
cell_2590,day 7
cell_2591,day 7
cell_2592,day 7
cell_2593,day 7
cell_2594,day 7
cell_2595,day 7
cell_2596,day 7
cell_2597,day 7
cell_2598,day 7
cell_2599,day 7
cell_2600,day 7
cell_2601,day 7
cell_2602,day 7
cell_2603,day 7
cell_2604,day 7
cell_2605,day 7
cell_2606,day 7
cell_2607,day 7
cell_2608,day 7
cell_2609,day 7
cell_2610,day 7
cell_2611,day 7
cell_2612,day 7
cell_2613,day 7
cell_2614,day 7
cell_2615,day 7
cell_2616,day 7
cell_2617,day 7
cell_2618,day 7
cell_2619,day 7
cell_2620,day 7
cell_2621,day 7
cell_2622,day 7
cell_2623,day 7
cell_2624,day 7
cell_2625,day 7
cell_2626,day 7
cell_2627,day 7
cell_2628,day 7
cell_2629,day 7
cell_2630,day 7
cell_2631,day 7
cell_2632,day 7
cell_2633,day 7
cell_2634,day 7
cell_2635,day 7
cell_2636,day 7
cell_2637,day 7
cell_2638,day 7
cell_2639,day 7
cell_2640,day 7
cell_2641,day 7
cell_2642,day 7
cell_2643,day 7
cell_2644,day 7
cell_2645,day 7
cell_2646,day 7
cell_2647,day 7
cell_2648,day 7
cell_2649,day 7
cell_2650,day 7
cell_2651,day 7
cell_2652,day 7
cell_2653,day 7
cell_2654,day 7
cell_2655,day 7
cell_2656,day 7
cell_2657,day 7
cell_2658,day 7
cell_2659,day 7
cell_2660,day 7
cell_2661,day 7
cell_2662,day 7
cell_2663,day 7
cell_2664,day 7
cell_2665,day 7
cell_2666,day 7
cell_2667,day 7
cell_2668,day 7
cell_2669,day 7
cell_2670,day 7
cell_2671,day 7
cell_2672,day 7
cell_2673,day 7
cell_2674,day 7
cell_2675,day 7
cell_2676,day 7
cell_2677,day 7
cell_2678,day 7
cell_2679,day 7
cell_2680,day 7
cell_2681,day 7
cell_2682,day 7
cell_2683,day 7
cell_2684,day 7
cell_2685,day 7
cell_2686,day 7
cell_2687,day 7
cell_2688,day 7
cell_2689,day 7
cell_2690,day 7
cell_2691,day 7
cell_2692,day 7
cell_2693,day 7
cell_2694,day 7
cell_2695,day 7
cell_2696,day 7
cell_2697,day 7
cell_2698,day 7
cell_2699,day 7
cell_2700,day 7
cell_2701,day 7
cell_2702,day 7
cell_2703,day 7
cell_2704,day 7
cell_2705,day 7
cell_2706,day 7
cell_2707,day 7
cell_2708,day 7
cell_2709,day 7
cell_2710,day 7
cell_2711,day 7
cell_2712,day 7
cell_2713,day 7
cell_2714,day 7
cell_2715,day 7
cell_2716,day 7
