marA	fpr	1
marA	rfaZ	1
marA	pqiB	1
marA	pqiA	1
marA	rfaY	1
marA	poxB	1
marA	inaA	1
marA	nfo	1
marA	rob	1
marA	zwf	1
marA	ygiC	1
marA	ygiA	1
marA	tolC	1
marA	ygiB	1
marA	acrA	1
marA	acrB	1
marA	fumC	1
marA	marB	1
marA	marR	1
marA	sodA	1
marA	micF	1
marA	ybaO	1
marA	nfsB	1
soxS	fpr	1
soxS	marA	1
soxS	rfaZ	1
soxS	pqiB	1
soxS	pqiA	1
soxS	rfaY	1
soxS	poxB	1
soxS	inaA	1
soxS	nfo	1
soxS	zwf	1
soxS	ygiC	1
soxS	ygiA	1
soxS	tolC	1
soxS	ygiB	1
soxS	acrA	1
soxS	acrB	1
soxS	fumC	1
soxS	marB	1
soxS	marR	1
soxS	sodA	1
soxS	micF	1
soxS	pgi	1
soxS	fldA	1
soxS	fldB	1
rob	marA	1
rob	inaA	1
rob	nfo	1
rob	zwf	1
rob	ygiC	1
rob	ygiA	1
rob	tolC	1
rob	ygiB	1
rob	acrA	1
rob	acrB	1
rob	fumC	1
rob	marB	1
rob	marR	1
rob	sodA	1
rob	micF	1
rob	mltF	1
rob	aslB	1
phoP	ygiC	1
phoP	ygiA	1
phoP	tolC	1
phoP	ygiB	1
phoP	acrA	1
phoP	acrB	1
phoP	pagP	1
phoP	yrbL	1
phoP	borD	1
phoP	ybjG	1
phoP	rstB	1
marR	marA	1
marR	marB	1
acrR	acrA	1
acrR	acrB	1
acrR	micF	1
envR	acrA	1
envR	acrB	1
soxR	soxS	1
soxR	fumC	1
mprA	acrA	1
mprA	acrB	1
fpr	marA	0
fpr	soxS	0
fpr	rfaZ	0
fpr	pqiB	0
fpr	pqiA	0
fpr	rfaY	0
fpr	poxB	0
fpr	inaA	0
fpr	nfo	0
fpr	rob	0
fpr	zwf	0
fpr	ygiC	0
fpr	ygiA	0
fpr	tolC	0
fpr	ygiB	0
fpr	phoP	0
fpr	acrA	0
fpr	acrB	0
fpr	fumC	0
fpr	marB	0
fpr	marR	0
fpr	sodA	0
fpr	micF	0
fpr	acrR	0
fpr	envR	0
fpr	soxR	0
fpr	mprA	0
fpr	pagP	0
fpr	pgi	0
fpr	yrbL	0
fpr	borD	0
fpr	mltF	0
fpr	fldA	0
fpr	ybaO	0
fpr	ybjG	0
fpr	rstB	0
fpr	aslB	0
fpr	nfsB	0
fpr	fldB	0
marA	soxS	0
marA	phoP	0
marA	acrR	0
marA	envR	0
marA	soxR	0
marA	mprA	0
marA	pagP	0
marA	pgi	0
marA	yrbL	0
marA	borD	0
marA	mltF	0
marA	fldA	0
marA	ybjG	0
marA	rstB	0
marA	aslB	0
marA	fldB	0
soxS	rob	0
soxS	phoP	0
soxS	acrR	0
soxS	envR	0
soxS	soxR	0
soxS	mprA	0
soxS	pagP	0
soxS	yrbL	0
soxS	borD	0
soxS	mltF	0
soxS	ybaO	0
soxS	ybjG	0
soxS	rstB	0
soxS	aslB	0
soxS	nfsB	0
rfaZ	fpr	0
rfaZ	marA	0
rfaZ	soxS	0
rfaZ	pqiB	0
rfaZ	pqiA	0
rfaZ	rfaY	0
rfaZ	poxB	0
rfaZ	inaA	0
rfaZ	nfo	0
rfaZ	rob	0
rfaZ	zwf	0
rfaZ	ygiC	0
rfaZ	ygiA	0
rfaZ	tolC	0
rfaZ	ygiB	0
rfaZ	phoP	0
rfaZ	acrA	0
rfaZ	acrB	0
rfaZ	fumC	0
rfaZ	marB	0
rfaZ	marR	0
rfaZ	sodA	0
rfaZ	micF	0
rfaZ	acrR	0
rfaZ	envR	0
rfaZ	soxR	0
rfaZ	mprA	0
rfaZ	pagP	0
rfaZ	pgi	0
rfaZ	yrbL	0
rfaZ	borD	0
rfaZ	mltF	0
rfaZ	fldA	0
rfaZ	ybaO	0
rfaZ	ybjG	0
rfaZ	rstB	0
rfaZ	aslB	0
rfaZ	nfsB	0
rfaZ	fldB	0
pqiB	fpr	0
pqiB	marA	0
pqiB	soxS	0
pqiB	rfaZ	0
pqiB	pqiA	0
pqiB	rfaY	0
pqiB	poxB	0
pqiB	inaA	0
pqiB	nfo	0
pqiB	rob	0
pqiB	zwf	0
pqiB	ygiC	0
pqiB	ygiA	0
pqiB	tolC	0
pqiB	ygiB	0
pqiB	phoP	0
pqiB	acrA	0
pqiB	acrB	0
pqiB	fumC	0
pqiB	marB	0
pqiB	marR	0
pqiB	sodA	0
pqiB	micF	0
pqiB	acrR	0
pqiB	envR	0
pqiB	soxR	0
pqiB	mprA	0
pqiB	pagP	0
pqiB	pgi	0
pqiB	yrbL	0
pqiB	borD	0
pqiB	mltF	0
pqiB	fldA	0
pqiB	ybaO	0
pqiB	ybjG	0
pqiB	rstB	0
pqiB	aslB	0
pqiB	nfsB	0
pqiB	fldB	0
pqiA	fpr	0
pqiA	marA	0
pqiA	soxS	0
pqiA	rfaZ	0
pqiA	pqiB	0
pqiA	rfaY	0
pqiA	poxB	0
pqiA	inaA	0
pqiA	nfo	0
pqiA	rob	0
pqiA	zwf	0
pqiA	ygiC	0
pqiA	ygiA	0
pqiA	tolC	0
pqiA	ygiB	0
pqiA	phoP	0
pqiA	acrA	0
pqiA	acrB	0
pqiA	fumC	0
pqiA	marB	0
pqiA	marR	0
pqiA	sodA	0
pqiA	micF	0
pqiA	acrR	0
pqiA	envR	0
pqiA	soxR	0
pqiA	mprA	0
pqiA	pagP	0
pqiA	pgi	0
pqiA	yrbL	0
pqiA	borD	0
pqiA	mltF	0
pqiA	fldA	0
pqiA	ybaO	0
pqiA	ybjG	0
pqiA	rstB	0
pqiA	aslB	0
pqiA	nfsB	0
pqiA	fldB	0
rfaY	fpr	0
rfaY	marA	0
rfaY	soxS	0
rfaY	rfaZ	0
rfaY	pqiB	0
rfaY	pqiA	0
rfaY	poxB	0
rfaY	inaA	0
rfaY	nfo	0
rfaY	rob	0
rfaY	zwf	0
rfaY	ygiC	0
rfaY	ygiA	0
rfaY	tolC	0
rfaY	ygiB	0
rfaY	phoP	0
rfaY	acrA	0
rfaY	acrB	0
rfaY	fumC	0
rfaY	marB	0
rfaY	marR	0
rfaY	sodA	0
rfaY	micF	0
rfaY	acrR	0
rfaY	envR	0
rfaY	soxR	0
rfaY	mprA	0
rfaY	pagP	0
rfaY	pgi	0
rfaY	yrbL	0
rfaY	borD	0
rfaY	mltF	0
rfaY	fldA	0
rfaY	ybaO	0
rfaY	ybjG	0
rfaY	rstB	0
rfaY	aslB	0
rfaY	nfsB	0
rfaY	fldB	0
poxB	fpr	0
poxB	marA	0
poxB	soxS	0
poxB	rfaZ	0
poxB	pqiB	0
poxB	pqiA	0
poxB	rfaY	0
poxB	inaA	0
poxB	nfo	0
poxB	rob	0
poxB	zwf	0
poxB	ygiC	0
poxB	ygiA	0
poxB	tolC	0
poxB	ygiB	0
poxB	phoP	0
poxB	acrA	0
poxB	acrB	0
poxB	fumC	0
poxB	marB	0
poxB	marR	0
poxB	sodA	0
poxB	micF	0
poxB	acrR	0
poxB	envR	0
poxB	soxR	0
poxB	mprA	0
poxB	pagP	0
poxB	pgi	0
poxB	yrbL	0
poxB	borD	0
poxB	mltF	0
poxB	fldA	0
poxB	ybaO	0
poxB	ybjG	0
poxB	rstB	0
poxB	aslB	0
poxB	nfsB	0
poxB	fldB	0
inaA	fpr	0
inaA	marA	0
inaA	soxS	0
inaA	rfaZ	0
inaA	pqiB	0
inaA	pqiA	0
inaA	rfaY	0
inaA	poxB	0
inaA	nfo	0
inaA	rob	0
inaA	zwf	0
inaA	ygiC	0
inaA	ygiA	0
inaA	tolC	0
inaA	ygiB	0
inaA	phoP	0
inaA	acrA	0
inaA	acrB	0
inaA	fumC	0
inaA	marB	0
inaA	marR	0
inaA	sodA	0
inaA	micF	0
inaA	acrR	0
inaA	envR	0
inaA	soxR	0
inaA	mprA	0
inaA	pagP	0
inaA	pgi	0
inaA	yrbL	0
inaA	borD	0
inaA	mltF	0
inaA	fldA	0
inaA	ybaO	0
inaA	ybjG	0
inaA	rstB	0
inaA	aslB	0
inaA	nfsB	0
inaA	fldB	0
nfo	fpr	0
nfo	marA	0
nfo	soxS	0
nfo	rfaZ	0
nfo	pqiB	0
nfo	pqiA	0
nfo	rfaY	0
nfo	poxB	0
nfo	inaA	0
nfo	rob	0
nfo	zwf	0
nfo	ygiC	0
nfo	ygiA	0
nfo	tolC	0
nfo	ygiB	0
nfo	phoP	0
nfo	acrA	0
nfo	acrB	0
nfo	fumC	0
nfo	marB	0
nfo	marR	0
nfo	sodA	0
nfo	micF	0
nfo	acrR	0
nfo	envR	0
nfo	soxR	0
nfo	mprA	0
nfo	pagP	0
nfo	pgi	0
nfo	yrbL	0
nfo	borD	0
nfo	mltF	0
nfo	fldA	0
nfo	ybaO	0
nfo	ybjG	0
nfo	rstB	0
nfo	aslB	0
nfo	nfsB	0
nfo	fldB	0
rob	fpr	0
rob	soxS	0
rob	rfaZ	0
rob	pqiB	0
rob	pqiA	0
rob	rfaY	0
rob	poxB	0
rob	phoP	0
rob	acrR	0
rob	envR	0
rob	soxR	0
rob	mprA	0
rob	pagP	0
rob	pgi	0
rob	yrbL	0
rob	borD	0
rob	fldA	0
rob	ybaO	0
rob	ybjG	0
rob	rstB	0
rob	nfsB	0
rob	fldB	0
zwf	fpr	0
zwf	marA	0
zwf	soxS	0
zwf	rfaZ	0
zwf	pqiB	0
zwf	pqiA	0
zwf	rfaY	0
zwf	poxB	0
zwf	inaA	0
zwf	nfo	0
zwf	rob	0
zwf	ygiC	0
zwf	ygiA	0
zwf	tolC	0
zwf	ygiB	0
zwf	phoP	0
zwf	acrA	0
zwf	acrB	0
zwf	fumC	0
zwf	marB	0
zwf	marR	0
zwf	sodA	0
zwf	micF	0
zwf	acrR	0
zwf	envR	0
zwf	soxR	0
zwf	mprA	0
zwf	pagP	0
zwf	pgi	0
zwf	yrbL	0
zwf	borD	0
zwf	mltF	0
zwf	fldA	0
zwf	ybaO	0
zwf	ybjG	0
zwf	rstB	0
zwf	aslB	0
zwf	nfsB	0
zwf	fldB	0
ygiC	fpr	0
ygiC	marA	0
ygiC	soxS	0
ygiC	rfaZ	0
ygiC	pqiB	0
ygiC	pqiA	0
ygiC	rfaY	0
ygiC	poxB	0
ygiC	inaA	0
ygiC	nfo	0
ygiC	rob	0
ygiC	zwf	0
ygiC	ygiA	0
ygiC	tolC	0
ygiC	ygiB	0
ygiC	phoP	0
ygiC	acrA	0
ygiC	acrB	0
ygiC	fumC	0
ygiC	marB	0
ygiC	marR	0
ygiC	sodA	0
ygiC	micF	0
ygiC	acrR	0
ygiC	envR	0
ygiC	soxR	0
ygiC	mprA	0
ygiC	pagP	0
ygiC	pgi	0
ygiC	yrbL	0
ygiC	borD	0
ygiC	mltF	0
ygiC	fldA	0
ygiC	ybaO	0
ygiC	ybjG	0
ygiC	rstB	0
ygiC	aslB	0
ygiC	nfsB	0
ygiC	fldB	0
ygiA	fpr	0
ygiA	marA	0
ygiA	soxS	0
ygiA	rfaZ	0
ygiA	pqiB	0
ygiA	pqiA	0
ygiA	rfaY	0
ygiA	poxB	0
ygiA	inaA	0
ygiA	nfo	0
ygiA	rob	0
ygiA	zwf	0
ygiA	ygiC	0
ygiA	tolC	0
ygiA	ygiB	0
ygiA	phoP	0
ygiA	acrA	0
ygiA	acrB	0
ygiA	fumC	0
ygiA	marB	0
ygiA	marR	0
ygiA	sodA	0
ygiA	micF	0
ygiA	acrR	0
ygiA	envR	0
ygiA	soxR	0
ygiA	mprA	0
ygiA	pagP	0
ygiA	pgi	0
ygiA	yrbL	0
ygiA	borD	0
ygiA	mltF	0
ygiA	fldA	0
ygiA	ybaO	0
ygiA	ybjG	0
ygiA	rstB	0
ygiA	aslB	0
ygiA	nfsB	0
ygiA	fldB	0
tolC	fpr	0
tolC	marA	0
tolC	soxS	0
tolC	rfaZ	0
tolC	pqiB	0
tolC	pqiA	0
tolC	rfaY	0
tolC	poxB	0
tolC	inaA	0
tolC	nfo	0
tolC	rob	0
tolC	zwf	0
tolC	ygiC	0
tolC	ygiA	0
tolC	ygiB	0
tolC	phoP	0
tolC	acrA	0
tolC	acrB	0
tolC	fumC	0
tolC	marB	0
tolC	marR	0
tolC	sodA	0
tolC	micF	0
tolC	acrR	0
tolC	envR	0
tolC	soxR	0
tolC	mprA	0
tolC	pagP	0
tolC	pgi	0
tolC	yrbL	0
tolC	borD	0
tolC	mltF	0
tolC	fldA	0
tolC	ybaO	0
tolC	ybjG	0
tolC	rstB	0
tolC	aslB	0
tolC	nfsB	0
tolC	fldB	0
ygiB	fpr	0
ygiB	marA	0
ygiB	soxS	0
ygiB	rfaZ	0
ygiB	pqiB	0
ygiB	pqiA	0
ygiB	rfaY	0
ygiB	poxB	0
ygiB	inaA	0
ygiB	nfo	0
ygiB	rob	0
ygiB	zwf	0
ygiB	ygiC	0
ygiB	ygiA	0
ygiB	tolC	0
ygiB	phoP	0
ygiB	acrA	0
ygiB	acrB	0
ygiB	fumC	0
ygiB	marB	0
ygiB	marR	0
ygiB	sodA	0
ygiB	micF	0
ygiB	acrR	0
ygiB	envR	0
ygiB	soxR	0
ygiB	mprA	0
ygiB	pagP	0
ygiB	pgi	0
ygiB	yrbL	0
ygiB	borD	0
ygiB	mltF	0
ygiB	fldA	0
ygiB	ybaO	0
ygiB	ybjG	0
ygiB	rstB	0
ygiB	aslB	0
ygiB	nfsB	0
ygiB	fldB	0
phoP	fpr	0
phoP	marA	0
phoP	soxS	0
phoP	rfaZ	0
phoP	pqiB	0
phoP	pqiA	0
phoP	rfaY	0
phoP	poxB	0
phoP	inaA	0
phoP	nfo	0
phoP	rob	0
phoP	zwf	0
phoP	fumC	0
phoP	marB	0
phoP	marR	0
phoP	sodA	0
phoP	micF	0
phoP	acrR	0
phoP	envR	0
phoP	soxR	0
phoP	mprA	0
phoP	pgi	0
phoP	mltF	0
phoP	fldA	0
phoP	ybaO	0
phoP	aslB	0
phoP	nfsB	0
phoP	fldB	0
acrA	fpr	0
acrA	marA	0
acrA	soxS	0
acrA	rfaZ	0
acrA	pqiB	0
acrA	pqiA	0
acrA	rfaY	0
acrA	poxB	0
acrA	inaA	0
acrA	nfo	0
acrA	rob	0
acrA	zwf	0
acrA	ygiC	0
acrA	ygiA	0
acrA	tolC	0
acrA	ygiB	0
acrA	phoP	0
acrA	acrB	0
acrA	fumC	0
acrA	marB	0
acrA	marR	0
acrA	sodA	0
acrA	micF	0
acrA	acrR	0
acrA	envR	0
acrA	soxR	0
acrA	mprA	0
acrA	pagP	0
acrA	pgi	0
acrA	yrbL	0
acrA	borD	0
acrA	mltF	0
acrA	fldA	0
acrA	ybaO	0
acrA	ybjG	0
acrA	rstB	0
acrA	aslB	0
acrA	nfsB	0
acrA	fldB	0
acrB	fpr	0
acrB	marA	0
acrB	soxS	0
acrB	rfaZ	0
acrB	pqiB	0
acrB	pqiA	0
acrB	rfaY	0
acrB	poxB	0
acrB	inaA	0
acrB	nfo	0
acrB	rob	0
acrB	zwf	0
acrB	ygiC	0
acrB	ygiA	0
acrB	tolC	0
acrB	ygiB	0
acrB	phoP	0
acrB	acrA	0
acrB	fumC	0
acrB	marB	0
acrB	marR	0
acrB	sodA	0
acrB	micF	0
acrB	acrR	0
acrB	envR	0
acrB	soxR	0
acrB	mprA	0
acrB	pagP	0
acrB	pgi	0
acrB	yrbL	0
acrB	borD	0
acrB	mltF	0
acrB	fldA	0
acrB	ybaO	0
acrB	ybjG	0
acrB	rstB	0
acrB	aslB	0
acrB	nfsB	0
acrB	fldB	0
fumC	fpr	0
fumC	marA	0
fumC	soxS	0
fumC	rfaZ	0
fumC	pqiB	0
fumC	pqiA	0
fumC	rfaY	0
fumC	poxB	0
fumC	inaA	0
fumC	nfo	0
fumC	rob	0
fumC	zwf	0
fumC	ygiC	0
fumC	ygiA	0
fumC	tolC	0
fumC	ygiB	0
fumC	phoP	0
fumC	acrA	0
fumC	acrB	0
fumC	marB	0
fumC	marR	0
fumC	sodA	0
fumC	micF	0
fumC	acrR	0
fumC	envR	0
fumC	soxR	0
fumC	mprA	0
fumC	pagP	0
fumC	pgi	0
fumC	yrbL	0
fumC	borD	0
fumC	mltF	0
fumC	fldA	0
fumC	ybaO	0
fumC	ybjG	0
fumC	rstB	0
fumC	aslB	0
fumC	nfsB	0
fumC	fldB	0
marB	fpr	0
marB	marA	0
marB	soxS	0
marB	rfaZ	0
marB	pqiB	0
marB	pqiA	0
marB	rfaY	0
marB	poxB	0
marB	inaA	0
marB	nfo	0
marB	rob	0
marB	zwf	0
marB	ygiC	0
marB	ygiA	0
marB	tolC	0
marB	ygiB	0
marB	phoP	0
marB	acrA	0
marB	acrB	0
marB	fumC	0
marB	marR	0
marB	sodA	0
marB	micF	0
marB	acrR	0
marB	envR	0
marB	soxR	0
marB	mprA	0
marB	pagP	0
marB	pgi	0
marB	yrbL	0
marB	borD	0
marB	mltF	0
marB	fldA	0
marB	ybaO	0
marB	ybjG	0
marB	rstB	0
marB	aslB	0
marB	nfsB	0
marB	fldB	0
marR	fpr	0
marR	soxS	0
marR	rfaZ	0
marR	pqiB	0
marR	pqiA	0
marR	rfaY	0
marR	poxB	0
marR	inaA	0
marR	nfo	0
marR	rob	0
marR	zwf	0
marR	ygiC	0
marR	ygiA	0
marR	tolC	0
marR	ygiB	0
marR	phoP	0
marR	acrA	0
marR	acrB	0
marR	fumC	0
marR	sodA	0
marR	micF	0
marR	acrR	0
marR	envR	0
marR	soxR	0
marR	mprA	0
marR	pagP	0
marR	pgi	0
marR	yrbL	0
marR	borD	0
marR	mltF	0
marR	fldA	0
marR	ybaO	0
marR	ybjG	0
marR	rstB	0
marR	aslB	0
marR	nfsB	0
marR	fldB	0
sodA	fpr	0
sodA	marA	0
sodA	soxS	0
sodA	rfaZ	0
sodA	pqiB	0
sodA	pqiA	0
sodA	rfaY	0
sodA	poxB	0
sodA	inaA	0
sodA	nfo	0
sodA	rob	0
sodA	zwf	0
sodA	ygiC	0
sodA	ygiA	0
sodA	tolC	0
sodA	ygiB	0
sodA	phoP	0
sodA	acrA	0
sodA	acrB	0
sodA	fumC	0
sodA	marB	0
sodA	marR	0
sodA	micF	0
sodA	acrR	0
sodA	envR	0
sodA	soxR	0
sodA	mprA	0
sodA	pagP	0
sodA	pgi	0
sodA	yrbL	0
sodA	borD	0
sodA	mltF	0
sodA	fldA	0
sodA	ybaO	0
sodA	ybjG	0
sodA	rstB	0
sodA	aslB	0
sodA	nfsB	0
sodA	fldB	0
micF	fpr	0
micF	marA	0
micF	soxS	0
micF	rfaZ	0
micF	pqiB	0
micF	pqiA	0
micF	rfaY	0
micF	poxB	0
micF	inaA	0
micF	nfo	0
micF	rob	0
micF	zwf	0
micF	ygiC	0
micF	ygiA	0
micF	tolC	0
micF	ygiB	0
micF	phoP	0
micF	acrA	0
micF	acrB	0
micF	fumC	0
micF	marB	0
micF	marR	0
micF	sodA	0
micF	acrR	0
micF	envR	0
micF	soxR	0
micF	mprA	0
micF	pagP	0
micF	pgi	0
micF	yrbL	0
micF	borD	0
micF	mltF	0
micF	fldA	0
micF	ybaO	0
micF	ybjG	0
micF	rstB	0
micF	aslB	0
micF	nfsB	0
micF	fldB	0
acrR	fpr	0
acrR	marA	0
acrR	soxS	0
acrR	rfaZ	0
acrR	pqiB	0
acrR	pqiA	0
acrR	rfaY	0
acrR	poxB	0
acrR	inaA	0
acrR	nfo	0
acrR	rob	0
acrR	zwf	0
acrR	ygiC	0
acrR	ygiA	0
acrR	tolC	0
acrR	ygiB	0
acrR	phoP	0
acrR	fumC	0
acrR	marB	0
acrR	marR	0
acrR	sodA	0
acrR	envR	0
acrR	soxR	0
acrR	mprA	0
acrR	pagP	0
acrR	pgi	0
acrR	yrbL	0
acrR	borD	0
acrR	mltF	0
acrR	fldA	0
acrR	ybaO	0
acrR	ybjG	0
acrR	rstB	0
acrR	aslB	0
acrR	nfsB	0
acrR	fldB	0
envR	fpr	0
envR	marA	0
envR	soxS	0
envR	rfaZ	0
envR	pqiB	0
envR	pqiA	0
envR	rfaY	0
envR	poxB	0
envR	inaA	0
envR	nfo	0
envR	rob	0
envR	zwf	0
envR	ygiC	0
envR	ygiA	0
envR	tolC	0
envR	ygiB	0
envR	phoP	0
envR	fumC	0
envR	marB	0
envR	marR	0
envR	sodA	0
envR	micF	0
envR	acrR	0
envR	soxR	0
envR	mprA	0
envR	pagP	0
envR	pgi	0
envR	yrbL	0
envR	borD	0
envR	mltF	0
envR	fldA	0
envR	ybaO	0
envR	ybjG	0
envR	rstB	0
envR	aslB	0
envR	nfsB	0
envR	fldB	0
soxR	fpr	0
soxR	marA	0
soxR	rfaZ	0
soxR	pqiB	0
soxR	pqiA	0
soxR	rfaY	0
soxR	poxB	0
soxR	inaA	0
soxR	nfo	0
soxR	rob	0
soxR	zwf	0
soxR	ygiC	0
soxR	ygiA	0
soxR	tolC	0
soxR	ygiB	0
soxR	phoP	0
soxR	acrA	0
soxR	acrB	0
soxR	marB	0
soxR	marR	0
soxR	sodA	0
soxR	micF	0
soxR	acrR	0
soxR	envR	0
soxR	mprA	0
soxR	pagP	0
soxR	pgi	0
soxR	yrbL	0
soxR	borD	0
soxR	mltF	0
soxR	fldA	0
soxR	ybaO	0
soxR	ybjG	0
soxR	rstB	0
soxR	aslB	0
soxR	nfsB	0
soxR	fldB	0
mprA	fpr	0
mprA	marA	0
mprA	soxS	0
mprA	rfaZ	0
mprA	pqiB	0
mprA	pqiA	0
mprA	rfaY	0
mprA	poxB	0
mprA	inaA	0
mprA	nfo	0
mprA	rob	0
mprA	zwf	0
mprA	ygiC	0
mprA	ygiA	0
mprA	tolC	0
mprA	ygiB	0
mprA	phoP	0
mprA	fumC	0
mprA	marB	0
mprA	marR	0
mprA	sodA	0
mprA	micF	0
mprA	acrR	0
mprA	envR	0
mprA	soxR	0
mprA	pagP	0
mprA	pgi	0
mprA	yrbL	0
mprA	borD	0
mprA	mltF	0
mprA	fldA	0
mprA	ybaO	0
mprA	ybjG	0
mprA	rstB	0
mprA	aslB	0
mprA	nfsB	0
mprA	fldB	0
pagP	fpr	0
pagP	marA	0
pagP	soxS	0
pagP	rfaZ	0
pagP	pqiB	0
pagP	pqiA	0
pagP	rfaY	0
pagP	poxB	0
pagP	inaA	0
pagP	nfo	0
pagP	rob	0
pagP	zwf	0
pagP	ygiC	0
pagP	ygiA	0
pagP	tolC	0
pagP	ygiB	0
pagP	phoP	0
pagP	acrA	0
pagP	acrB	0
pagP	fumC	0
pagP	marB	0
pagP	marR	0
pagP	sodA	0
pagP	micF	0
pagP	acrR	0
pagP	envR	0
pagP	soxR	0
pagP	mprA	0
pagP	pgi	0
pagP	yrbL	0
pagP	borD	0
pagP	mltF	0
pagP	fldA	0
pagP	ybaO	0
pagP	ybjG	0
pagP	rstB	0
pagP	aslB	0
pagP	nfsB	0
pagP	fldB	0
pgi	fpr	0
pgi	marA	0
pgi	soxS	0
pgi	rfaZ	0
pgi	pqiB	0
pgi	pqiA	0
pgi	rfaY	0
pgi	poxB	0
pgi	inaA	0
pgi	nfo	0
pgi	rob	0
pgi	zwf	0
pgi	ygiC	0
pgi	ygiA	0
pgi	tolC	0
pgi	ygiB	0
pgi	phoP	0
pgi	acrA	0
pgi	acrB	0
pgi	fumC	0
pgi	marB	0
pgi	marR	0
pgi	sodA	0
pgi	micF	0
pgi	acrR	0
pgi	envR	0
pgi	soxR	0
pgi	mprA	0
pgi	pagP	0
pgi	yrbL	0
pgi	borD	0
pgi	mltF	0
pgi	fldA	0
pgi	ybaO	0
pgi	ybjG	0
pgi	rstB	0
pgi	aslB	0
pgi	nfsB	0
pgi	fldB	0
yrbL	fpr	0
yrbL	marA	0
yrbL	soxS	0
yrbL	rfaZ	0
yrbL	pqiB	0
yrbL	pqiA	0
yrbL	rfaY	0
yrbL	poxB	0
yrbL	inaA	0
yrbL	nfo	0
yrbL	rob	0
yrbL	zwf	0
yrbL	ygiC	0
yrbL	ygiA	0
yrbL	tolC	0
yrbL	ygiB	0
yrbL	phoP	0
yrbL	acrA	0
yrbL	acrB	0
yrbL	fumC	0
yrbL	marB	0
yrbL	marR	0
yrbL	sodA	0
yrbL	micF	0
yrbL	acrR	0
yrbL	envR	0
yrbL	soxR	0
yrbL	mprA	0
yrbL	pagP	0
yrbL	pgi	0
yrbL	borD	0
yrbL	mltF	0
yrbL	fldA	0
yrbL	ybaO	0
yrbL	ybjG	0
yrbL	rstB	0
yrbL	aslB	0
yrbL	nfsB	0
yrbL	fldB	0
borD	fpr	0
borD	marA	0
borD	soxS	0
borD	rfaZ	0
borD	pqiB	0
borD	pqiA	0
borD	rfaY	0
borD	poxB	0
borD	inaA	0
borD	nfo	0
borD	rob	0
borD	zwf	0
borD	ygiC	0
borD	ygiA	0
borD	tolC	0
borD	ygiB	0
borD	phoP	0
borD	acrA	0
borD	acrB	0
borD	fumC	0
borD	marB	0
borD	marR	0
borD	sodA	0
borD	micF	0
borD	acrR	0
borD	envR	0
borD	soxR	0
borD	mprA	0
borD	pagP	0
borD	pgi	0
borD	yrbL	0
borD	mltF	0
borD	fldA	0
borD	ybaO	0
borD	ybjG	0
borD	rstB	0
borD	aslB	0
borD	nfsB	0
borD	fldB	0
mltF	fpr	0
mltF	marA	0
mltF	soxS	0
mltF	rfaZ	0
mltF	pqiB	0
mltF	pqiA	0
mltF	rfaY	0
mltF	poxB	0
mltF	inaA	0
mltF	nfo	0
mltF	rob	0
mltF	zwf	0
mltF	ygiC	0
mltF	ygiA	0
mltF	tolC	0
mltF	ygiB	0
mltF	phoP	0
mltF	acrA	0
mltF	acrB	0
mltF	fumC	0
mltF	marB	0
mltF	marR	0
mltF	sodA	0
mltF	micF	0
mltF	acrR	0
mltF	envR	0
mltF	soxR	0
mltF	mprA	0
mltF	pagP	0
mltF	pgi	0
mltF	yrbL	0
mltF	borD	0
mltF	fldA	0
mltF	ybaO	0
mltF	ybjG	0
mltF	rstB	0
mltF	aslB	0
mltF	nfsB	0
mltF	fldB	0
fldA	fpr	0
fldA	marA	0
fldA	soxS	0
fldA	rfaZ	0
fldA	pqiB	0
fldA	pqiA	0
fldA	rfaY	0
fldA	poxB	0
fldA	inaA	0
fldA	nfo	0
fldA	rob	0
fldA	zwf	0
fldA	ygiC	0
fldA	ygiA	0
fldA	tolC	0
fldA	ygiB	0
fldA	phoP	0
fldA	acrA	0
fldA	acrB	0
fldA	fumC	0
fldA	marB	0
fldA	marR	0
fldA	sodA	0
fldA	micF	0
fldA	acrR	0
fldA	envR	0
fldA	soxR	0
fldA	mprA	0
fldA	pagP	0
fldA	pgi	0
fldA	yrbL	0
fldA	borD	0
fldA	mltF	0
fldA	ybaO	0
fldA	ybjG	0
fldA	rstB	0
fldA	aslB	0
fldA	nfsB	0
fldA	fldB	0
ybaO	fpr	0
ybaO	marA	0
ybaO	soxS	0
ybaO	rfaZ	0
ybaO	pqiB	0
ybaO	pqiA	0
ybaO	rfaY	0
ybaO	poxB	0
ybaO	inaA	0
ybaO	nfo	0
ybaO	rob	0
ybaO	zwf	0
ybaO	ygiC	0
ybaO	ygiA	0
ybaO	tolC	0
ybaO	ygiB	0
ybaO	phoP	0
ybaO	acrA	0
ybaO	acrB	0
ybaO	fumC	0
ybaO	marB	0
ybaO	marR	0
ybaO	sodA	0
ybaO	micF	0
ybaO	acrR	0
ybaO	envR	0
ybaO	soxR	0
ybaO	mprA	0
ybaO	pagP	0
ybaO	pgi	0
ybaO	yrbL	0
ybaO	borD	0
ybaO	mltF	0
ybaO	fldA	0
ybaO	ybjG	0
ybaO	rstB	0
ybaO	aslB	0
ybaO	nfsB	0
ybaO	fldB	0
ybjG	fpr	0
ybjG	marA	0
ybjG	soxS	0
ybjG	rfaZ	0
ybjG	pqiB	0
ybjG	pqiA	0
ybjG	rfaY	0
ybjG	poxB	0
ybjG	inaA	0
ybjG	nfo	0
ybjG	rob	0
ybjG	zwf	0
ybjG	ygiC	0
ybjG	ygiA	0
ybjG	tolC	0
ybjG	ygiB	0
ybjG	phoP	0
ybjG	acrA	0
ybjG	acrB	0
ybjG	fumC	0
ybjG	marB	0
ybjG	marR	0
ybjG	sodA	0
ybjG	micF	0
ybjG	acrR	0
ybjG	envR	0
ybjG	soxR	0
ybjG	mprA	0
ybjG	pagP	0
ybjG	pgi	0
ybjG	yrbL	0
ybjG	borD	0
ybjG	mltF	0
ybjG	fldA	0
ybjG	ybaO	0
ybjG	rstB	0
ybjG	aslB	0
ybjG	nfsB	0
ybjG	fldB	0
rstB	fpr	0
rstB	marA	0
rstB	soxS	0
rstB	rfaZ	0
rstB	pqiB	0
rstB	pqiA	0
rstB	rfaY	0
rstB	poxB	0
rstB	inaA	0
rstB	nfo	0
rstB	rob	0
rstB	zwf	0
rstB	ygiC	0
rstB	ygiA	0
rstB	tolC	0
rstB	ygiB	0
rstB	phoP	0
rstB	acrA	0
rstB	acrB	0
rstB	fumC	0
rstB	marB	0
rstB	marR	0
rstB	sodA	0
rstB	micF	0
rstB	acrR	0
rstB	envR	0
rstB	soxR	0
rstB	mprA	0
rstB	pagP	0
rstB	pgi	0
rstB	yrbL	0
rstB	borD	0
rstB	mltF	0
rstB	fldA	0
rstB	ybaO	0
rstB	ybjG	0
rstB	aslB	0
rstB	nfsB	0
rstB	fldB	0
aslB	fpr	0
aslB	marA	0
aslB	soxS	0
aslB	rfaZ	0
aslB	pqiB	0
aslB	pqiA	0
aslB	rfaY	0
aslB	poxB	0
aslB	inaA	0
aslB	nfo	0
aslB	rob	0
aslB	zwf	0
aslB	ygiC	0
aslB	ygiA	0
aslB	tolC	0
aslB	ygiB	0
aslB	phoP	0
aslB	acrA	0
aslB	acrB	0
aslB	fumC	0
aslB	marB	0
aslB	marR	0
aslB	sodA	0
aslB	micF	0
aslB	acrR	0
aslB	envR	0
aslB	soxR	0
aslB	mprA	0
aslB	pagP	0
aslB	pgi	0
aslB	yrbL	0
aslB	borD	0
aslB	mltF	0
aslB	fldA	0
aslB	ybaO	0
aslB	ybjG	0
aslB	rstB	0
aslB	nfsB	0
aslB	fldB	0
nfsB	fpr	0
nfsB	marA	0
nfsB	soxS	0
nfsB	rfaZ	0
nfsB	pqiB	0
nfsB	pqiA	0
nfsB	rfaY	0
nfsB	poxB	0
nfsB	inaA	0
nfsB	nfo	0
nfsB	rob	0
nfsB	zwf	0
nfsB	ygiC	0
nfsB	ygiA	0
nfsB	tolC	0
nfsB	ygiB	0
nfsB	phoP	0
nfsB	acrA	0
nfsB	acrB	0
nfsB	fumC	0
nfsB	marB	0
nfsB	marR	0
nfsB	sodA	0
nfsB	micF	0
nfsB	acrR	0
nfsB	envR	0
nfsB	soxR	0
nfsB	mprA	0
nfsB	pagP	0
nfsB	pgi	0
nfsB	yrbL	0
nfsB	borD	0
nfsB	mltF	0
nfsB	fldA	0
nfsB	ybaO	0
nfsB	ybjG	0
nfsB	rstB	0
nfsB	aslB	0
nfsB	fldB	0
fldB	fpr	0
fldB	marA	0
fldB	soxS	0
fldB	rfaZ	0
fldB	pqiB	0
fldB	pqiA	0
fldB	rfaY	0
fldB	poxB	0
fldB	inaA	0
fldB	nfo	0
fldB	rob	0
fldB	zwf	0
fldB	ygiC	0
fldB	ygiA	0
fldB	tolC	0
fldB	ygiB	0
fldB	phoP	0
fldB	acrA	0
fldB	acrB	0
fldB	fumC	0
fldB	marB	0
fldB	marR	0
fldB	sodA	0
fldB	micF	0
fldB	acrR	0
fldB	envR	0
fldB	soxR	0
fldB	mprA	0
fldB	pagP	0
fldB	pgi	0
fldB	yrbL	0
fldB	borD	0
fldB	mltF	0
fldB	fldA	0
fldB	ybaO	0
fldB	ybjG	0
fldB	rstB	0
fldB	aslB	0
fldB	nfsB	0
